review_id,product_id,category,rating,review_date,verified_purchase,helpful_votes,review_length_chars,contains_image,sentiment,review_text
REV-0001,PROD-0195,Beauty,5,2024-10-27,1,103,398,0,neutral,Good quality but slightly expensive. Would recommend.
REV-0002,PROD-0023,Books,4,2024-05-25,1,27,636,0,positive,Works perfectly. Customer support was helpful.
REV-0003,PROD-0044,Furniture,5,2024-01-28,0,79,188,1,positive,Average product. Packaging could be better.
REV-0004,PROD-0193,Home & Kitchen,5,2024-08-28,1,33,704,0,positive,Good quality but slightly expensive. Would recommend.
REV-0005,PROD-0019,Books,5,2023-03-25,1,105,153,1,positive,Good quality but slightly expensive. Would recommend.
REV-0006,PROD-0150,Clothing,5,2023-05-01,1,41,298,1,positive,Works perfectly. Customer support was helpful.
REV-0007,PROD-0123,Toys,4,2024-06-27,1,45,458,0,negative,Average product. Packaging could be better.
REV-0008,PROD-0137,Grocery,5,2024-11-25,1,30,213,1,positive,Good quality but slightly expensive. Would recommend.
REV-0009,PROD-0056,Beauty,2,2023-07-05,1,3,607,0,neutral,Average product. Packaging could be better.
REV-0010,PROD-0187,Toys,5,2023-05-27,1,81,185,0,negative,Best purchase this year. Highly recommended!
REV-0011,PROD-0186,Grocery,4,2024-09-09,0,24,672,1,neutral,Best purchase this year. Highly recommended!
REV-0012,PROD-0119,Electronics,4,2024-09-05,1,63,625,0,positive,Damaged on arrival. Replacement was sent promptly.
REV-0013,PROD-0086,Clothing,4,2023-04-15,1,19,447,0,positive,Average product. Packaging could be better.
REV-0014,PROD-0176,Toys,4,2024-04-16,1,32,564,0,negative,Best purchase this year. Highly recommended!
REV-0015,PROD-0018,Auto,5,2024-02-20,1,72,199,0,negative,Average product. Packaging could be better.
REV-0016,PROD-0056,Beauty,5,2024-01-12,0,45,246,0,positive,Average product. Packaging could be better.
REV-0017,PROD-0106,Auto,3,2024-08-11,1,55,519,0,positive,Good quality but slightly expensive. Would recommend.
REV-0018,PROD-0049,Beauty,4,2023-02-14,1,25,518,0,positive,Good quality but slightly expensive. Would recommend.
REV-0019,PROD-0169,Sports,5,2023-07-01,1,113,626,0,positive,Good quality but slightly expensive. Would recommend.
REV-0020,PROD-0177,Books,4,2024-02-27,1,17,661,1,positive,Excellent! Exceeded expectations. Will buy again.
REV-0021,PROD-0112,Clothing,5,2023-11-09,1,100,389,0,positive,Best purchase this year. Highly recommended!
REV-0022,PROD-0011,Books,5,2023-06-17,0,65,486,0,negative,Damaged on arrival. Replacement was sent promptly.
REV-0023,PROD-0185,Sports,5,2024-01-16,0,39,464,0,neutral,Excellent! Exceeded expectations. Will buy again.
REV-0024,PROD-0007,Books,4,2024-09-07,0,113,674,0,positive,Average product. Packaging could be better.
REV-0025,PROD-0036,Clothing,5,2023-05-23,1,18,386,0,neutral,Excellent! Exceeded expectations. Will buy again.
REV-0026,PROD-0081,Auto,5,2024-10-23,1,44,221,1,neutral,Average product. Packaging could be better.
REV-0027,PROD-0096,Grocery,4,2023-10-04,0,86,66,1,neutral,Works perfectly. Customer support was helpful.
REV-0028,PROD-0002,Toys,4,2024-10-11,1,34,718,0,positive,Damaged on arrival. Replacement was sent promptly.
REV-0029,PROD-0140,Furniture,3,2023-06-22,1,63,96,0,negative,Best purchase this year. Highly recommended!
REV-0030,PROD-0171,Electronics,5,2023-10-24,1,38,508,0,positive,Best purchase this year. Highly recommended!
REV-0031,PROD-0044,Beauty,5,2023-09-20,0,23,595,0,neutral,Damaged on arrival. Replacement was sent promptly.
REV-0032,PROD-0169,Clothing,4,2024-11-25,1,41,213,0,positive,Best purchase this year. Highly recommended!
REV-0033,PROD-0194,Books,4,2024-11-19,1,103,576,1,negative,Average product. Packaging could be better.
REV-0034,PROD-0153,Auto,4,2024-05-24,1,11,585,0,positive,Good quality but slightly expensive. Would recommend.
REV-0035,PROD-0132,Beauty,1,2024-01-16,0,16,384,1,positive,Excellent! Exceeded expectations. Will buy again.
REV-0036,PROD-0076,Books,5,2023-06-05,0,19,145,0,positive,Good quality but slightly expensive. Would recommend.
REV-0037,PROD-0044,Sports,4,2023-01-29,0,59,354,0,positive,Excellent! Exceeded expectations. Will buy again.
REV-0038,PROD-0099,Auto,5,2023-07-13,1,77,331,0,negative,"Great product, exactly as described. Fast delivery!"
REV-0039,PROD-0031,Furniture,5,2023-01-04,1,28,525,0,positive,Disappointed with quality. Not worth the price.
REV-0040,PROD-0125,Home & Kitchen,4,2023-12-25,0,109,208,1,positive,"Great product, exactly as described. Fast delivery!"
REV-0041,PROD-0174,Electronics,5,2024-01-30,0,91,251,0,negative,Average product. Packaging could be better.
REV-0042,PROD-0035,Clothing,5,2023-05-20,1,29,100,0,positive,Average product. Packaging could be better.
REV-0043,PROD-0128,Home & Kitchen,5,2023-06-12,1,15,82,0,positive,Average product. Packaging could be better.
REV-0044,PROD-0080,Books,3,2023-11-08,1,9,799,0,negative,Disappointed with quality. Not worth the price.
REV-0045,PROD-0062,Clothing,1,2024-07-23,1,65,127,0,negative,Excellent! Exceeded expectations. Will buy again.
REV-0046,PROD-0110,Clothing,5,2024-01-04,0,27,362,1,positive,"Great product, exactly as described. Fast delivery!"
REV-0047,PROD-0072,Beauty,5,2023-11-25,1,11,97,1,negative,"Great product, exactly as described. Fast delivery!"
REV-0048,PROD-0065,Electronics,4,2023-11-06,1,55,231,0,negative,Good quality but slightly expensive. Would recommend.
REV-0049,PROD-0138,Sports,4,2024-11-07,1,117,703,0,neutral,Best purchase this year. Highly recommended!
REV-0050,PROD-0175,Electronics,5,2023-02-16,1,40,73,0,positive,Good quality but slightly expensive. Would recommend.
REV-0051,PROD-0020,Home & Kitchen,5,2024-08-04,1,41,85,0,positive,Works perfectly. Customer support was helpful.
REV-0052,PROD-0171,Beauty,1,2024-04-06,0,7,335,0,positive,Excellent! Exceeded expectations. Will buy again.
REV-0053,PROD-0096,Books,1,2023-03-26,1,51,388,1,neutral,Excellent! Exceeded expectations. Will buy again.
REV-0054,PROD-0130,Auto,5,2023-02-28,1,17,452,0,positive,Disappointed with quality. Not worth the price.
REV-0055,PROD-0200,Sports,5,2023-12-11,1,11,432,0,neutral,Damaged on arrival. Replacement was sent promptly.
REV-0056,PROD-0026,Beauty,4,2024-08-21,1,100,83,1,negative,Good quality but slightly expensive. Would recommend.
REV-0057,PROD-0040,Books,5,2023-07-16,0,26,511,0,positive,Works perfectly. Customer support was helpful.
REV-0058,PROD-0058,Toys,5,2024-10-22,1,112,256,0,negative,Best purchase this year. Highly recommended!
REV-0059,PROD-0031,Electronics,5,2023-03-31,1,34,377,0,positive,Average product. Packaging could be better.
REV-0060,PROD-0035,Toys,4,2024-08-21,1,23,248,1,neutral,Disappointed with quality. Not worth the price.
REV-0061,PROD-0147,Electronics,2,2024-08-05,0,48,632,0,positive,Excellent! Exceeded expectations. Will buy again.
REV-0062,PROD-0113,Toys,5,2023-10-01,1,49,506,0,positive,Good quality but slightly expensive. Would recommend.
REV-0063,PROD-0090,Sports,5,2023-11-26,1,112,513,0,positive,Excellent! Exceeded expectations. Will buy again.
REV-0064,PROD-0044,Home & Kitchen,4,2023-05-03,0,21,322,1,positive,Excellent! Exceeded expectations. Will buy again.
REV-0065,PROD-0103,Auto,3,2023-10-13,1,68,617,0,positive,Works perfectly. Customer support was helpful.
REV-0066,PROD-0069,Electronics,5,2024-05-16,0,67,391,0,positive,Best purchase this year. Highly recommended!
REV-0067,PROD-0168,Beauty,5,2023-10-22,1,88,274,1,positive,Best purchase this year. Highly recommended!
REV-0068,PROD-0115,Home & Kitchen,5,2024-05-12,1,49,614,0,neutral,"Great product, exactly as described. Fast delivery!"
REV-0069,PROD-0049,Beauty,4,2023-10-31,0,51,777,0,positive,Works perfectly. Customer support was helpful.
REV-0070,PROD-0137,Books,4,2023-10-13,1,32,105,0,neutral,Works perfectly. Customer support was helpful.
REV-0071,PROD-0183,Electronics,5,2023-09-13,0,35,588,0,positive,Damaged on arrival. Replacement was sent promptly.
REV-0072,PROD-0097,Clothing,5,2024-03-23,0,114,373,0,neutral,Excellent! Exceeded expectations. Will buy again.
REV-0073,PROD-0092,Electronics,5,2023-06-26,1,103,156,1,negative,Works perfectly. Customer support was helpful.
REV-0074,PROD-0147,Beauty,3,2023-09-04,1,113,59,1,negative,"Great product, exactly as described. Fast delivery!"
REV-0075,PROD-0092,Home & Kitchen,4,2023-09-22,1,12,664,1,positive,Average product. Packaging could be better.
REV-0076,PROD-0084,Toys,4,2024-01-12,0,107,305,0,neutral,Average product. Packaging could be better.
REV-0077,PROD-0127,Furniture,3,2024-11-16,0,41,293,0,positive,Excellent! Exceeded expectations. Will buy again.
REV-0078,PROD-0160,Auto,3,2023-05-10,1,62,275,0,negative,Damaged on arrival. Replacement was sent promptly.
REV-0079,PROD-0127,Beauty,5,2023-06-23,1,107,620,1,positive,Good quality but slightly expensive. Would recommend.
REV-0080,PROD-0124,Toys,5,2023-01-07,0,38,714,0,neutral,Works perfectly. Customer support was helpful.
REV-0081,PROD-0079,Clothing,4,2024-05-30,1,38,458,0,neutral,Disappointed with quality. Not worth the price.
REV-0082,PROD-0127,Beauty,3,2023-09-26,1,63,761,0,negative,"Great product, exactly as described. Fast delivery!"
REV-0083,PROD-0183,Clothing,4,2023-02-20,0,102,134,0,negative,Disappointed with quality. Not worth the price.
REV-0084,PROD-0125,Toys,4,2023-07-28,0,35,262,0,neutral,Excellent! Exceeded expectations. Will buy again.
REV-0085,PROD-0084,Home & Kitchen,5,2024-04-02,0,63,61,0,positive,Average product. Packaging could be better.
REV-0086,PROD-0197,Toys,2,2024-08-27,1,64,778,0,positive,Works perfectly. Customer support was helpful.
REV-0087,PROD-0099,Books,3,2023-08-03,1,61,703,0,positive,Good quality but slightly expensive. Would recommend.
REV-0088,PROD-0052,Furniture,5,2024-04-08,0,94,358,0,positive,Damaged on arrival. Replacement was sent promptly.
REV-0089,PROD-0196,Home & Kitchen,4,2024-06-03,1,55,521,0,negative,Good quality but slightly expensive. Would recommend.
REV-0090,PROD-0107,Sports,5,2024-10-08,1,106,800,0,positive,Disappointed with quality. Not worth the price.
REV-0091,PROD-0064,Beauty,5,2023-05-29,0,46,278,0,positive,Average product. Packaging could be better.
REV-0092,PROD-0011,Grocery,4,2023-12-17,1,30,123,0,positive,"Great product, exactly as described. Fast delivery!"
REV-0093,PROD-0152,Home & Kitchen,3,2024-08-22,1,52,773,0,positive,Damaged on arrival. Replacement was sent promptly.
REV-0094,PROD-0073,Auto,5,2024-04-17,0,99,531,0,positive,Damaged on arrival. Replacement was sent promptly.
REV-0095,PROD-0123,Electronics,4,2023-10-10,1,13,436,1,neutral,Excellent! Exceeded expectations. Will buy again.
REV-0096,PROD-0039,Clothing,5,2024-12-27,1,52,331,1,positive,Average product. Packaging could be better.
REV-0097,PROD-0180,Beauty,3,2023-10-03,0,114,578,0,positive,Excellent! Exceeded expectations. Will buy again.
REV-0098,PROD-0098,Home & Kitchen,1,2024-08-29,0,109,356,1,positive,"Great product, exactly as described. Fast delivery!"
REV-0099,PROD-0067,Sports,4,2023-05-19,0,72,291,0,neutral,Excellent! Exceeded expectations. Will buy again.
REV-0100,PROD-0090,Home & Kitchen,5,2024-08-01,0,92,646,0,neutral,Damaged on arrival. Replacement was sent promptly.
REV-0101,PROD-0124,Furniture,2,2023-06-24,1,36,153,0,positive,Average product. Packaging could be better.
REV-0102,PROD-0171,Books,5,2023-02-07,1,82,314,0,negative,Damaged on arrival. Replacement was sent promptly.
REV-0103,PROD-0035,Auto,4,2023-07-16,1,90,593,0,positive,Best purchase this year. Highly recommended!
REV-0104,PROD-0091,Books,4,2024-10-08,1,72,798,0,negative,Average product. Packaging could be better.
REV-0105,PROD-0001,Sports,4,2024-07-18,1,59,784,1,positive,Average product. Packaging could be better.
REV-0106,PROD-0067,Beauty,4,2023-12-08,0,56,687,0,positive,Best purchase this year. Highly recommended!
REV-0107,PROD-0068,Beauty,4,2023-04-06,1,69,333,0,positive,"Great product, exactly as described. Fast delivery!"
REV-0108,PROD-0088,Toys,4,2023-09-11,1,53,55,0,neutral,Best purchase this year. Highly recommended!
REV-0109,PROD-0007,Home & Kitchen,5,2023-06-06,1,21,313,1,positive,Average product. Packaging could be better.
REV-0110,PROD-0117,Home & Kitchen,5,2024-09-18,0,11,51,0,positive,Good quality but slightly expensive. Would recommend.
REV-0111,PROD-0137,Clothing,5,2023-08-24,1,68,225,0,neutral,Best purchase this year. Highly recommended!
REV-0112,PROD-0176,Toys,5,2023-03-29,0,29,636,0,positive,Damaged on arrival. Replacement was sent promptly.
REV-0113,PROD-0129,Toys,4,2024-03-03,1,54,72,0,positive,Works perfectly. Customer support was helpful.
REV-0114,PROD-0124,Clothing,5,2024-01-23,1,50,455,0,neutral,Works perfectly. Customer support was helpful.
REV-0115,PROD-0145,Auto,5,2023-04-26,1,14,432,1,positive,Excellent! Exceeded expectations. Will buy again.
REV-0116,PROD-0023,Clothing,5,2024-02-26,1,93,771,0,neutral,Average product. Packaging could be better.
REV-0117,PROD-0115,Beauty,5,2023-11-09,1,24,748,0,positive,Good quality but slightly expensive. Would recommend.
REV-0118,PROD-0191,Toys,2,2024-04-09,1,59,23,1,positive,"Great product, exactly as described. Fast delivery!"
REV-0119,PROD-0078,Electronics,4,2023-11-17,0,21,84,0,positive,Disappointed with quality. Not worth the price.
REV-0120,PROD-0018,Home & Kitchen,4,2023-02-21,0,2,798,0,positive,Excellent! Exceeded expectations. Will buy again.
REV-0121,PROD-0149,Grocery,5,2023-11-06,0,80,30,0,positive,Excellent! Exceeded expectations. Will buy again.
REV-0122,PROD-0016,Grocery,5,2024-04-24,1,68,131,0,positive,Best purchase this year. Highly recommended!
REV-0123,PROD-0093,Books,3,2023-09-06,0,29,113,0,negative,Works perfectly. Customer support was helpful.
REV-0124,PROD-0131,Beauty,5,2023-07-05,1,72,149,0,neutral,Damaged on arrival. Replacement was sent promptly.
REV-0125,PROD-0060,Sports,5,2023-05-24,1,31,615,0,positive,Excellent! Exceeded expectations. Will buy again.
REV-0126,PROD-0141,Beauty,3,2024-01-20,1,67,761,0,negative,Excellent! Exceeded expectations. Will buy again.
REV-0127,PROD-0118,Auto,5,2024-01-09,1,38,296,1,positive,Excellent! Exceeded expectations. Will buy again.
REV-0128,PROD-0076,Electronics,4,2024-09-17,1,109,305,0,positive,Good quality but slightly expensive. Would recommend.
REV-0129,PROD-0020,Auto,5,2023-04-28,1,76,525,0,positive,Excellent! Exceeded expectations. Will buy again.
REV-0130,PROD-0195,Furniture,4,2023-08-30,1,38,382,0,neutral,Good quality but slightly expensive. Would recommend.
REV-0131,PROD-0015,Sports,5,2024-05-06,1,118,183,0,positive,Average product. Packaging could be better.
REV-0132,PROD-0187,Sports,5,2023-08-19,1,87,418,0,positive,Best purchase this year. Highly recommended!
REV-0133,PROD-0103,Toys,3,2023-04-26,1,91,469,1,neutral,Disappointed with quality. Not worth the price.
REV-0134,PROD-0170,Clothing,5,2024-02-02,1,49,728,0,negative,Damaged on arrival. Replacement was sent promptly.
REV-0135,PROD-0184,Books,3,2023-04-08,1,18,785,1,negative,Average product. Packaging could be better.
REV-0136,PROD-0080,Grocery,5,2024-07-27,1,101,756,1,positive,"Great product, exactly as described. Fast delivery!"
REV-0137,PROD-0175,Furniture,5,2024-06-17,1,95,738,0,neutral,Average product. Packaging could be better.
REV-0138,PROD-0011,Sports,2,2023-11-17,0,13,688,0,positive,Excellent! Exceeded expectations. Will buy again.
REV-0139,PROD-0128,Sports,4,2024-07-04,1,60,555,1,positive,Damaged on arrival. Replacement was sent promptly.
REV-0140,PROD-0083,Books,4,2023-06-24,0,103,83,1,neutral,Disappointed with quality. Not worth the price.
REV-0141,PROD-0064,Beauty,4,2023-12-04,1,65,672,0,negative,Excellent! Exceeded expectations. Will buy again.
REV-0142,PROD-0160,Electronics,4,2023-07-16,1,87,123,1,positive,Good quality but slightly expensive. Would recommend.
REV-0143,PROD-0021,Home & Kitchen,4,2023-11-23,1,40,475,0,positive,Disappointed with quality. Not worth the price.
REV-0144,PROD-0127,Beauty,2,2023-07-06,0,104,59,1,positive,Good quality but slightly expensive. Would recommend.
REV-0145,PROD-0009,Grocery,2,2024-09-28,1,54,213,0,neutral,Average product. Packaging could be better.
REV-0146,PROD-0071,Auto,5,2023-06-27,1,82,659,0,negative,"Great product, exactly as described. Fast delivery!"
REV-0147,PROD-0152,Sports,5,2024-01-07,1,26,784,1,positive,Average product. Packaging could be better.
REV-0148,PROD-0193,Auto,5,2024-05-08,0,73,405,0,negative,Good quality but slightly expensive. Would recommend.
REV-0149,PROD-0112,Clothing,5,2024-11-01,1,58,630,0,positive,Good quality but slightly expensive. Would recommend.
REV-0150,PROD-0032,Auto,4,2024-01-06,1,59,547,0,positive,Damaged on arrival. Replacement was sent promptly.
REV-0151,PROD-0108,Sports,5,2023-08-31,1,32,572,1,positive,Best purchase this year. Highly recommended!
REV-0152,PROD-0052,Toys,4,2023-02-24,0,61,354,1,positive,Good quality but slightly expensive. Would recommend.
REV-0153,PROD-0061,Electronics,4,2024-10-12,0,80,369,0,positive,Works perfectly. Customer support was helpful.
REV-0154,PROD-0055,Furniture,5,2023-05-17,1,19,407,1,negative,Works perfectly. Customer support was helpful.
REV-0155,PROD-0030,Beauty,5,2023-09-08,1,115,184,0,negative,Damaged on arrival. Replacement was sent promptly.
REV-0156,PROD-0135,Auto,3,2023-09-18,1,59,771,0,positive,Average product. Packaging could be better.
REV-0157,PROD-0094,Toys,5,2023-05-11,1,18,478,0,positive,"Great product, exactly as described. Fast delivery!"
REV-0158,PROD-0118,Toys,2,2023-04-09,1,117,210,1,positive,"Great product, exactly as described. Fast delivery!"
REV-0159,PROD-0108,Electronics,5,2024-10-24,0,30,560,0,negative,Works perfectly. Customer support was helpful.
REV-0160,PROD-0164,Furniture,4,2024-04-28,1,70,674,1,positive,Best purchase this year. Highly recommended!
REV-0161,PROD-0082,Electronics,4,2023-03-08,0,108,721,0,negative,Best purchase this year. Highly recommended!
REV-0162,PROD-0038,Auto,5,2024-07-28,1,6,508,0,negative,Best purchase this year. Highly recommended!
REV-0163,PROD-0164,Home & Kitchen,5,2024-01-19,0,8,505,0,positive,Good quality but slightly expensive. Would recommend.
REV-0164,PROD-0098,Toys,3,2024-01-02,1,48,383,1,neutral,Excellent! Exceeded expectations. Will buy again.
REV-0165,PROD-0082,Auto,4,2023-09-24,1,34,511,1,neutral,Disappointed with quality. Not worth the price.
REV-0166,PROD-0190,Clothing,4,2024-11-13,1,86,550,0,negative,Best purchase this year. Highly recommended!
REV-0167,PROD-0072,Sports,4,2024-10-25,1,37,251,0,positive,Average product. Packaging could be better.
REV-0168,PROD-0022,Electronics,1,2024-05-15,0,71,365,0,neutral,Average product. Packaging could be better.
REV-0169,PROD-0174,Home & Kitchen,5,2024-04-21,1,72,675,0,negative,Disappointed with quality. Not worth the price.
REV-0170,PROD-0083,Beauty,5,2023-09-13,1,115,427,0,positive,Excellent! Exceeded expectations. Will buy again.
REV-0171,PROD-0087,Auto,5,2023-11-11,0,70,559,0,negative,Works perfectly. Customer support was helpful.
REV-0172,PROD-0194,Grocery,4,2023-12-24,1,37,334,1,positive,Damaged on arrival. Replacement was sent promptly.
REV-0173,PROD-0058,Auto,5,2024-07-22,1,23,502,0,positive,Excellent! Exceeded expectations. Will buy again.
REV-0174,PROD-0176,Auto,4,2023-04-19,1,73,469,0,positive,Damaged on arrival. Replacement was sent promptly.
REV-0175,PROD-0110,Home & Kitchen,5,2023-02-22,1,13,312,0,negative,Good quality but slightly expensive. Would recommend.
REV-0176,PROD-0085,Toys,3,2023-09-14,1,80,205,0,positive,Best purchase this year. Highly recommended!
REV-0177,PROD-0043,Toys,4,2024-03-28,1,5,449,1,positive,"Great product, exactly as described. Fast delivery!"
REV-0178,PROD-0066,Grocery,2,2023-09-22,1,67,490,0,positive,Damaged on arrival. Replacement was sent promptly.
REV-0179,PROD-0122,Home & Kitchen,1,2023-05-17,1,1,133,0,positive,Excellent! Exceeded expectations. Will buy again.
REV-0180,PROD-0161,Auto,5,2023-12-10,0,112,471,0,neutral,"Great product, exactly as described. Fast delivery!"
REV-0181,PROD-0144,Sports,5,2024-06-14,1,29,660,0,negative,Best purchase this year. Highly recommended!
REV-0182,PROD-0118,Grocery,5,2024-07-06,0,26,245,1,negative,Damaged on arrival. Replacement was sent promptly.
REV-0183,PROD-0083,Furniture,4,2024-12-30,1,111,80,1,positive,Damaged on arrival. Replacement was sent promptly.
REV-0184,PROD-0011,Beauty,5,2023-02-14,1,88,235,0,positive,"Great product, exactly as described. Fast delivery!"
REV-0185,PROD-0086,Furniture,4,2023-01-22,1,85,534,0,positive,Works perfectly. Customer support was helpful.
REV-0186,PROD-0140,Electronics,5,2024-11-09,1,51,483,0,positive,Disappointed with quality. Not worth the price.
REV-0187,PROD-0089,Home & Kitchen,5,2024-01-08,1,113,555,0,positive,Excellent! Exceeded expectations. Will buy again.
REV-0188,PROD-0082,Furniture,2,2024-12-13,1,78,759,0,positive,"Great product, exactly as described. Fast delivery!"
REV-0189,PROD-0162,Home & Kitchen,5,2024-04-04,1,82,269,1,neutral,"Great product, exactly as described. Fast delivery!"
REV-0190,PROD-0003,Sports,5,2023-10-14,1,80,188,1,positive,Works perfectly. Customer support was helpful.
REV-0191,PROD-0047,Sports,4,2024-11-09,0,32,57,1,positive,Average product. Packaging could be better.
REV-0192,PROD-0155,Home & Kitchen,5,2024-11-19,1,61,672,0,positive,Good quality but slightly expensive. Would recommend.
REV-0193,PROD-0026,Home & Kitchen,5,2024-05-05,0,10,259,0,negative,Damaged on arrival. Replacement was sent promptly.
REV-0194,PROD-0190,Sports,3,2023-10-14,1,50,172,0,neutral,"Great product, exactly as described. Fast delivery!"
REV-0195,PROD-0154,Furniture,4,2023-05-06,0,80,122,0,positive,Damaged on arrival. Replacement was sent promptly.
REV-0196,PROD-0178,Home & Kitchen,4,2024-01-17,1,74,150,0,neutral,Excellent! Exceeded expectations. Will buy again.
REV-0197,PROD-0147,Beauty,3,2024-09-23,0,76,93,0,positive,Damaged on arrival. Replacement was sent promptly.
REV-0198,PROD-0161,Electronics,4,2023-10-03,0,13,540,0,positive,Damaged on arrival. Replacement was sent promptly.
REV-0199,PROD-0042,Grocery,5,2023-02-17,0,5,170,1,positive,Excellent! Exceeded expectations. Will buy again.
REV-0200,PROD-0167,Toys,5,2024-10-04,1,77,275,0,positive,"Great product, exactly as described. Fast delivery!"
REV-0201,PROD-0118,Clothing,5,2024-06-04,1,18,325,0,positive,Excellent! Exceeded expectations. Will buy again.
REV-0202,PROD-0045,Clothing,5,2023-04-28,1,71,650,1,positive,Excellent! Exceeded expectations. Will buy again.
REV-0203,PROD-0076,Grocery,5,2023-07-25,0,96,103,0,negative,Damaged on arrival. Replacement was sent promptly.
REV-0204,PROD-0050,Grocery,5,2023-07-27,1,23,25,0,positive,Excellent! Exceeded expectations. Will buy again.
REV-0205,PROD-0027,Grocery,5,2024-03-07,1,43,713,0,positive,Damaged on arrival. Replacement was sent promptly.
REV-0206,PROD-0176,Auto,5,2023-07-16,1,2,697,1,positive,Excellent! Exceeded expectations. Will buy again.
REV-0207,PROD-0144,Furniture,4,2023-01-25,1,104,612,0,positive,Best purchase this year. Highly recommended!
REV-0208,PROD-0026,Clothing,3,2023-07-25,1,2,677,1,positive,Works perfectly. Customer support was helpful.
REV-0209,PROD-0043,Beauty,4,2023-04-01,1,112,437,0,negative,Works perfectly. Customer support was helpful.
REV-0210,PROD-0083,Clothing,2,2023-09-13,1,115,461,0,positive,Excellent! Exceeded expectations. Will buy again.
REV-0211,PROD-0166,Toys,5,2023-09-26,1,107,102,0,positive,Works perfectly. Customer support was helpful.
REV-0212,PROD-0103,Beauty,4,2023-01-06,1,87,734,1,positive,Damaged on arrival. Replacement was sent promptly.
REV-0213,PROD-0129,Books,5,2024-08-17,1,53,87,1,positive,Disappointed with quality. Not worth the price.
REV-0214,PROD-0193,Toys,5,2024-09-01,1,80,117,0,positive,Good quality but slightly expensive. Would recommend.
REV-0215,PROD-0084,Home & Kitchen,4,2024-03-07,0,101,563,0,positive,Disappointed with quality. Not worth the price.
REV-0216,PROD-0017,Books,5,2024-04-17,0,106,55,0,positive,Damaged on arrival. Replacement was sent promptly.
REV-0217,PROD-0027,Furniture,5,2023-04-29,0,119,516,0,neutral,Excellent! Exceeded expectations. Will buy again.
REV-0218,PROD-0069,Clothing,5,2024-10-05,1,8,362,0,positive,Damaged on arrival. Replacement was sent promptly.
REV-0219,PROD-0080,Home & Kitchen,4,2023-06-13,1,31,622,0,positive,Excellent! Exceeded expectations. Will buy again.
REV-0220,PROD-0117,Auto,2,2024-06-07,1,50,515,0,positive,Works perfectly. Customer support was helpful.
REV-0221,PROD-0066,Books,4,2024-10-20,1,35,209,0,neutral,Excellent! Exceeded expectations. Will buy again.
REV-0222,PROD-0107,Auto,1,2024-10-18,1,27,737,0,positive,Best purchase this year. Highly recommended!
REV-0223,PROD-0103,Grocery,3,2024-03-28,1,14,611,0,positive,Excellent! Exceeded expectations. Will buy again.
REV-0224,PROD-0038,Electronics,4,2023-11-30,1,75,193,0,positive,Excellent! Exceeded expectations. Will buy again.
REV-0225,PROD-0001,Sports,4,2024-10-14,1,105,659,0,positive,Works perfectly. Customer support was helpful.
REV-0226,PROD-0175,Electronics,3,2023-03-25,1,53,78,1,neutral,"Great product, exactly as described. Fast delivery!"
REV-0227,PROD-0059,Auto,2,2024-12-27,1,120,382,0,positive,Works perfectly. Customer support was helpful.
REV-0228,PROD-0068,Furniture,4,2024-04-05,0,51,133,0,negative,"Great product, exactly as described. Fast delivery!"
REV-0229,PROD-0008,Sports,4,2023-09-15,1,97,390,0,negative,Excellent! Exceeded expectations. Will buy again.
REV-0230,PROD-0119,Home & Kitchen,3,2023-01-12,1,63,691,0,positive,Works perfectly. Customer support was helpful.
REV-0231,PROD-0066,Sports,5,2024-12-19,1,83,101,0,positive,Damaged on arrival. Replacement was sent promptly.
REV-0232,PROD-0022,Furniture,5,2024-11-04,1,107,607,0,negative,Excellent! Exceeded expectations. Will buy again.
REV-0233,PROD-0088,Books,4,2023-09-12,0,45,729,0,negative,Damaged on arrival. Replacement was sent promptly.
REV-0234,PROD-0190,Books,5,2023-03-25,0,100,611,0,positive,Excellent! Exceeded expectations. Will buy again.
REV-0235,PROD-0153,Beauty,4,2023-04-15,1,57,137,1,negative,Best purchase this year. Highly recommended!
REV-0236,PROD-0199,Beauty,5,2023-08-22,1,36,211,0,negative,Works perfectly. Customer support was helpful.
REV-0237,PROD-0174,Furniture,4,2024-05-19,1,30,739,0,positive,Excellent! Exceeded expectations. Will buy again.
REV-0238,PROD-0010,Electronics,5,2024-10-10,1,96,118,0,positive,Disappointed with quality. Not worth the price.
REV-0239,PROD-0052,Grocery,4,2023-01-31,1,37,794,0,positive,Disappointed with quality. Not worth the price.
REV-0240,PROD-0136,Beauty,5,2023-06-24,1,25,260,0,positive,Best purchase this year. Highly recommended!
REV-0241,PROD-0064,Grocery,5,2024-08-22,1,75,258,0,neutral,Best purchase this year. Highly recommended!
REV-0242,PROD-0197,Furniture,5,2023-02-11,0,77,42,0,positive,Damaged on arrival. Replacement was sent promptly.
REV-0243,PROD-0006,Sports,5,2024-01-17,1,12,234,0,neutral,Average product. Packaging could be better.
REV-0244,PROD-0033,Auto,5,2024-03-31,1,1,237,0,positive,"Great product, exactly as described. Fast delivery!"
REV-0245,PROD-0037,Clothing,5,2023-05-23,1,106,731,0,positive,"Great product, exactly as described. Fast delivery!"
REV-0246,PROD-0065,Electronics,4,2023-11-23,1,18,360,0,positive,Works perfectly. Customer support was helpful.
REV-0247,PROD-0128,Beauty,5,2023-10-01,1,66,725,0,negative,Good quality but slightly expensive. Would recommend.
REV-0248,PROD-0150,Clothing,5,2023-10-19,0,95,527,0,negative,Best purchase this year. Highly recommended!
REV-0249,PROD-0038,Home & Kitchen,4,2024-01-13,1,67,322,1,negative,"Great product, exactly as described. Fast delivery!"
REV-0250,PROD-0121,Books,3,2023-03-15,1,98,187,0,negative,Excellent! Exceeded expectations. Will buy again.
REV-0251,PROD-0105,Books,5,2024-01-10,1,20,68,0,negative,Average product. Packaging could be better.
REV-0252,PROD-0034,Home & Kitchen,5,2024-05-30,1,14,472,0,positive,Damaged on arrival. Replacement was sent promptly.
REV-0253,PROD-0059,Books,5,2023-10-11,1,105,551,0,positive,"Great product, exactly as described. Fast delivery!"
REV-0254,PROD-0082,Grocery,5,2024-11-22,1,62,136,0,positive,Damaged on arrival. Replacement was sent promptly.
REV-0255,PROD-0099,Grocery,3,2024-12-28,1,26,124,0,neutral,Average product. Packaging could be better.
REV-0256,PROD-0080,Toys,4,2023-05-19,1,65,558,0,positive,"Great product, exactly as described. Fast delivery!"
REV-0257,PROD-0159,Beauty,2,2024-02-29,0,19,360,1,positive,Works perfectly. Customer support was helpful.
REV-0258,PROD-0030,Home & Kitchen,5,2023-05-10,1,101,185,0,positive,"Great product, exactly as described. Fast delivery!"
REV-0259,PROD-0015,Beauty,5,2023-11-29,1,24,110,1,positive,Disappointed with quality. Not worth the price.
REV-0260,PROD-0080,Home & Kitchen,5,2023-02-03,1,82,128,0,positive,Excellent! Exceeded expectations. Will buy again.
REV-0261,PROD-0139,Toys,5,2024-10-13,0,26,792,1,positive,Good quality but slightly expensive. Would recommend.
REV-0262,PROD-0147,Books,5,2023-04-18,1,112,789,1,positive,Damaged on arrival. Replacement was sent promptly.
REV-0263,PROD-0101,Grocery,4,2024-08-12,1,18,544,0,negative,Average product. Packaging could be better.
REV-0264,PROD-0126,Beauty,2,2024-08-02,0,20,482,0,positive,"Great product, exactly as described. Fast delivery!"
REV-0265,PROD-0134,Home & Kitchen,5,2024-12-03,1,73,498,0,positive,Works perfectly. Customer support was helpful.
REV-0266,PROD-0001,Electronics,2,2024-04-18,1,28,289,0,positive,"Great product, exactly as described. Fast delivery!"
REV-0267,PROD-0198,Sports,4,2023-01-01,0,110,59,0,neutral,Average product. Packaging could be better.
REV-0268,PROD-0038,Books,4,2023-10-19,1,25,619,0,neutral,Best purchase this year. Highly recommended!
REV-0269,PROD-0088,Clothing,4,2023-08-12,0,92,425,0,negative,Works perfectly. Customer support was helpful.
REV-0270,PROD-0008,Beauty,5,2024-11-21,1,102,775,0,neutral,Excellent! Exceeded expectations. Will buy again.
REV-0271,PROD-0041,Furniture,4,2024-09-20,0,107,548,0,neutral,Excellent! Exceeded expectations. Will buy again.
REV-0272,PROD-0153,Clothing,4,2024-06-27,0,22,72,0,negative,Works perfectly. Customer support was helpful.
REV-0273,PROD-0139,Books,5,2023-08-03,1,114,778,1,negative,Excellent! Exceeded expectations. Will buy again.
REV-0274,PROD-0077,Auto,5,2024-11-16,0,46,125,0,positive,Average product. Packaging could be better.
REV-0275,PROD-0166,Auto,4,2024-08-11,1,72,443,0,positive,"Great product, exactly as described. Fast delivery!"
REV-0276,PROD-0180,Beauty,2,2023-07-17,1,108,256,0,positive,Good quality but slightly expensive. Would recommend.
REV-0277,PROD-0136,Books,5,2024-07-08,1,54,52,0,neutral,"Great product, exactly as described. Fast delivery!"
REV-0278,PROD-0020,Home & Kitchen,4,2023-12-05,1,21,708,1,positive,Average product. Packaging could be better.
REV-0279,PROD-0063,Toys,5,2023-10-16,0,59,112,0,positive,"Great product, exactly as described. Fast delivery!"
REV-0280,PROD-0042,Books,5,2023-02-03,1,83,754,1,neutral,Good quality but slightly expensive. Would recommend.
REV-0281,PROD-0142,Clothing,5,2024-05-19,1,49,526,0,negative,Best purchase this year. Highly recommended!
REV-0282,PROD-0019,Clothing,4,2024-06-06,1,59,586,0,positive,Average product. Packaging could be better.
REV-0283,PROD-0046,Home & Kitchen,5,2023-08-07,0,12,496,0,positive,Disappointed with quality. Not worth the price.
REV-0284,PROD-0146,Beauty,4,2023-02-23,1,116,359,1,positive,"Great product, exactly as described. Fast delivery!"
REV-0285,PROD-0034,Home & Kitchen,4,2024-12-22,1,69,189,0,positive,Average product. Packaging could be better.
REV-0286,PROD-0125,Home & Kitchen,5,2023-12-14,1,7,522,0,negative,Disappointed with quality. Not worth the price.
REV-0287,PROD-0198,Home & Kitchen,4,2023-02-14,1,98,181,0,positive,Excellent! Exceeded expectations. Will buy again.
REV-0288,PROD-0132,Books,5,2024-03-06,0,51,658,1,neutral,Damaged on arrival. Replacement was sent promptly.
REV-0289,PROD-0111,Sports,5,2024-07-10,1,56,644,0,negative,Disappointed with quality. Not worth the price.
REV-0290,PROD-0057,Beauty,4,2024-02-29,1,69,577,0,positive,"Great product, exactly as described. Fast delivery!"
REV-0291,PROD-0172,Electronics,4,2023-05-16,0,43,92,1,neutral,Average product. Packaging could be better.
REV-0292,PROD-0041,Books,4,2023-03-19,1,25,545,0,positive,Good quality but slightly expensive. Would recommend.
REV-0293,PROD-0127,Clothing,5,2023-09-28,1,106,457,1,neutral,Excellent! Exceeded expectations. Will buy again.
REV-0294,PROD-0169,Home & Kitchen,4,2023-11-10,1,66,201,0,positive,Excellent! Exceeded expectations. Will buy again.
REV-0295,PROD-0133,Sports,4,2024-01-13,1,88,33,1,positive,Average product. Packaging could be better.
REV-0296,PROD-0056,Furniture,5,2024-02-07,1,54,253,0,positive,"Great product, exactly as described. Fast delivery!"
REV-0297,PROD-0001,Electronics,5,2024-01-09,1,22,419,0,negative,Average product. Packaging could be better.
REV-0298,PROD-0013,Sports,4,2024-08-21,0,40,146,1,positive,"Great product, exactly as described. Fast delivery!"
REV-0299,PROD-0191,Home & Kitchen,1,2023-12-04,1,97,309,0,positive,Damaged on arrival. Replacement was sent promptly.
REV-0300,PROD-0013,Beauty,1,2023-12-01,1,43,36,0,positive,Good quality but slightly expensive. Would recommend.
REV-0301,PROD-0130,Sports,4,2024-12-19,1,93,505,1,positive,"Great product, exactly as described. Fast delivery!"
REV-0302,PROD-0185,Clothing,5,2024-02-23,1,90,118,1,positive,Excellent! Exceeded expectations. Will buy again.
REV-0303,PROD-0167,Books,5,2023-08-10,0,117,541,1,positive,Works perfectly. Customer support was helpful.
REV-0304,PROD-0181,Home & Kitchen,5,2024-09-26,1,34,414,0,positive,"Great product, exactly as described. Fast delivery!"
REV-0305,PROD-0068,Clothing,5,2023-01-13,0,7,130,0,positive,Best purchase this year. Highly recommended!
REV-0306,PROD-0133,Home & Kitchen,5,2024-10-06,0,85,618,1,positive,Disappointed with quality. Not worth the price.
REV-0307,PROD-0173,Clothing,3,2023-02-17,1,56,762,1,neutral,Best purchase this year. Highly recommended!
REV-0308,PROD-0028,Books,4,2023-01-04,1,25,52,0,neutral,Disappointed with quality. Not worth the price.
REV-0309,PROD-0150,Home & Kitchen,5,2024-11-07,0,13,262,0,positive,Damaged on arrival. Replacement was sent promptly.
REV-0310,PROD-0056,Electronics,4,2024-05-24,0,12,51,0,neutral,Excellent! Exceeded expectations. Will buy again.
REV-0311,PROD-0006,Beauty,2,2023-07-26,0,15,321,0,negative,Best purchase this year. Highly recommended!
REV-0312,PROD-0075,Clothing,4,2023-01-13,1,40,697,0,positive,Average product. Packaging could be better.
REV-0313,PROD-0011,Home & Kitchen,1,2024-10-27,0,68,679,0,positive,Good quality but slightly expensive. Would recommend.
REV-0314,PROD-0041,Beauty,4,2023-12-09,1,30,69,1,positive,Best purchase this year. Highly recommended!
REV-0315,PROD-0116,Books,4,2023-07-01,1,11,345,0,positive,Works perfectly. Customer support was helpful.
REV-0316,PROD-0170,Clothing,5,2023-10-09,0,37,108,1,positive,Best purchase this year. Highly recommended!
REV-0317,PROD-0045,Beauty,4,2023-07-03,1,96,108,0,positive,Good quality but slightly expensive. Would recommend.
REV-0318,PROD-0174,Books,5,2024-05-01,1,17,31,1,positive,Damaged on arrival. Replacement was sent promptly.
REV-0319,PROD-0171,Electronics,5,2024-11-30,1,11,646,0,positive,Damaged on arrival. Replacement was sent promptly.
REV-0320,PROD-0166,Auto,4,2023-07-26,1,56,290,0,positive,Disappointed with quality. Not worth the price.
REV-0321,PROD-0029,Furniture,5,2023-01-02,1,40,722,0,neutral,Best purchase this year. Highly recommended!
REV-0322,PROD-0053,Grocery,5,2023-05-15,1,112,729,0,neutral,Good quality but slightly expensive. Would recommend.
REV-0323,PROD-0120,Clothing,5,2023-08-27,1,83,118,0,positive,Works perfectly. Customer support was helpful.
REV-0324,PROD-0049,Grocery,5,2023-05-06,1,111,215,0,positive,Best purchase this year. Highly recommended!
REV-0325,PROD-0034,Toys,5,2023-08-21,0,78,427,0,positive,Best purchase this year. Highly recommended!
REV-0326,PROD-0174,Clothing,1,2023-05-10,1,112,698,0,positive,"Great product, exactly as described. Fast delivery!"
REV-0327,PROD-0104,Books,3,2024-01-30,1,31,354,0,neutral,Average product. Packaging could be better.
REV-0328,PROD-0176,Beauty,5,2023-04-02,0,8,688,1,positive,Damaged on arrival. Replacement was sent promptly.
REV-0329,PROD-0046,Toys,5,2024-08-26,1,69,788,1,positive,Works perfectly. Customer support was helpful.
REV-0330,PROD-0010,Auto,5,2024-11-20,1,0,239,0,neutral,"Great product, exactly as described. Fast delivery!"
REV-0331,PROD-0027,Home & Kitchen,5,2023-06-08,1,104,598,1,neutral,Excellent! Exceeded expectations. Will buy again.
REV-0332,PROD-0015,Home & Kitchen,5,2024-01-24,1,50,798,0,positive,"Great product, exactly as described. Fast delivery!"
REV-0333,PROD-0051,Toys,5,2024-07-06,1,107,534,1,positive,"Great product, exactly as described. Fast delivery!"
REV-0334,PROD-0177,Toys,5,2023-05-20,1,69,430,1,negative,Works perfectly. Customer support was helpful.
REV-0335,PROD-0193,Home & Kitchen,5,2023-09-23,0,92,522,0,positive,Disappointed with quality. Not worth the price.
REV-0336,PROD-0100,Furniture,4,2024-03-12,1,25,443,0,neutral,Works perfectly. Customer support was helpful.
REV-0337,PROD-0059,Electronics,5,2024-10-15,1,60,175,0,positive,Damaged on arrival. Replacement was sent promptly.
REV-0338,PROD-0172,Clothing,5,2023-01-28,1,42,751,0,positive,Excellent! Exceeded expectations. Will buy again.
REV-0339,PROD-0122,Sports,2,2023-08-14,1,118,718,0,negative,"Great product, exactly as described. Fast delivery!"
REV-0340,PROD-0052,Electronics,5,2023-08-08,1,113,439,0,positive,Damaged on arrival. Replacement was sent promptly.
REV-0341,PROD-0157,Sports,4,2023-08-04,0,50,272,0,neutral,"Great product, exactly as described. Fast delivery!"
REV-0342,PROD-0036,Grocery,5,2024-06-04,1,43,521,0,positive,"Great product, exactly as described. Fast delivery!"
REV-0343,PROD-0141,Toys,4,2023-09-02,1,117,532,0,positive,Damaged on arrival. Replacement was sent promptly.
REV-0344,PROD-0120,Toys,1,2023-03-23,1,78,154,0,negative,Works perfectly. Customer support was helpful.
REV-0345,PROD-0029,Beauty,5,2024-07-12,1,82,624,1,positive,Works perfectly. Customer support was helpful.
REV-0346,PROD-0046,Beauty,5,2024-10-02,1,79,126,1,positive,Good quality but slightly expensive. Would recommend.
REV-0347,PROD-0165,Electronics,4,2024-10-20,1,11,322,1,positive,Average product. Packaging could be better.
REV-0348,PROD-0127,Home & Kitchen,4,2024-04-29,0,26,473,0,positive,Disappointed with quality. Not worth the price.
REV-0349,PROD-0047,Books,3,2023-09-10,0,42,605,0,positive,"Great product, exactly as described. Fast delivery!"
REV-0350,PROD-0072,Home & Kitchen,4,2024-11-18,0,44,539,0,positive,Best purchase this year. Highly recommended!
REV-0351,PROD-0040,Clothing,2,2023-10-04,1,60,585,0,positive,Good quality but slightly expensive. Would recommend.
REV-0352,PROD-0065,Sports,3,2024-07-28,1,54,751,0,negative,Average product. Packaging could be better.
REV-0353,PROD-0028,Grocery,5,2023-03-05,0,73,81,0,positive,Average product. Packaging could be better.
REV-0354,PROD-0092,Sports,4,2023-12-25,0,56,311,0,neutral,Disappointed with quality. Not worth the price.
REV-0355,PROD-0096,Auto,4,2024-05-17,0,6,367,1,positive,Best purchase this year. Highly recommended!
REV-0356,PROD-0146,Toys,4,2024-10-01,1,94,399,0,negative,Average product. Packaging could be better.
REV-0357,PROD-0009,Clothing,5,2024-11-29,1,88,478,0,positive,Disappointed with quality. Not worth the price.
REV-0358,PROD-0171,Sports,4,2024-11-08,1,50,790,0,neutral,Damaged on arrival. Replacement was sent promptly.
REV-0359,PROD-0087,Grocery,5,2024-12-12,1,68,41,0,positive,Best purchase this year. Highly recommended!
REV-0360,PROD-0002,Sports,4,2023-07-05,0,73,594,0,positive,Works perfectly. Customer support was helpful.
REV-0361,PROD-0110,Beauty,4,2023-07-28,0,14,651,0,neutral,Average product. Packaging could be better.
REV-0362,PROD-0057,Grocery,5,2023-11-17,1,106,783,0,neutral,Damaged on arrival. Replacement was sent promptly.
REV-0363,PROD-0035,Furniture,4,2024-10-21,1,18,328,0,negative,"Great product, exactly as described. Fast delivery!"
REV-0364,PROD-0068,Books,5,2024-10-27,1,90,707,0,positive,Works perfectly. Customer support was helpful.
REV-0365,PROD-0109,Books,5,2024-06-16,1,100,470,0,positive,Excellent! Exceeded expectations. Will buy again.
REV-0366,PROD-0162,Home & Kitchen,5,2023-03-31,1,114,418,0,negative,"Great product, exactly as described. Fast delivery!"
REV-0367,PROD-0019,Furniture,5,2023-05-06,1,40,123,0,positive,Average product. Packaging could be better.
REV-0368,PROD-0071,Beauty,5,2024-01-21,1,46,494,0,positive,Average product. Packaging could be better.
REV-0369,PROD-0032,Home & Kitchen,3,2024-12-03,1,78,785,1,positive,Best purchase this year. Highly recommended!
REV-0370,PROD-0081,Auto,5,2024-09-16,1,93,250,0,positive,Best purchase this year. Highly recommended!
REV-0371,PROD-0169,Clothing,5,2024-10-18,0,33,637,0,positive,Excellent! Exceeded expectations. Will buy again.
REV-0372,PROD-0098,Electronics,4,2023-02-24,1,82,768,0,positive,Damaged on arrival. Replacement was sent promptly.
REV-0373,PROD-0037,Auto,5,2024-06-05,1,0,584,0,negative,Best purchase this year. Highly recommended!
REV-0374,PROD-0097,Books,2,2023-09-24,1,38,447,0,negative,Excellent! Exceeded expectations. Will buy again.
REV-0375,PROD-0194,Home & Kitchen,5,2024-02-22,1,91,616,0,neutral,Disappointed with quality. Not worth the price.
REV-0376,PROD-0109,Home & Kitchen,5,2024-10-18,1,2,146,1,positive,Good quality but slightly expensive. Would recommend.
REV-0377,PROD-0135,Home & Kitchen,5,2024-11-15,0,47,230,0,positive,Best purchase this year. Highly recommended!
REV-0378,PROD-0134,Toys,4,2023-06-29,1,97,170,0,positive,Average product. Packaging could be better.
REV-0379,PROD-0008,Beauty,5,2024-05-30,1,120,341,1,positive,Damaged on arrival. Replacement was sent promptly.
REV-0380,PROD-0095,Electronics,1,2023-09-11,1,3,796,0,positive,Damaged on arrival. Replacement was sent promptly.
REV-0381,PROD-0163,Grocery,4,2023-03-02,0,48,592,0,neutral,Good quality but slightly expensive. Would recommend.
REV-0382,PROD-0160,Furniture,5,2023-07-16,1,39,670,0,positive,Damaged on arrival. Replacement was sent promptly.
REV-0383,PROD-0016,Furniture,4,2023-01-29,1,51,415,0,positive,Damaged on arrival. Replacement was sent promptly.
REV-0384,PROD-0109,Home & Kitchen,4,2024-12-26,0,33,506,0,neutral,Disappointed with quality. Not worth the price.
REV-0385,PROD-0115,Beauty,4,2023-11-07,0,72,532,1,positive,"Great product, exactly as described. Fast delivery!"
REV-0386,PROD-0029,Electronics,5,2023-12-09,1,11,784,1,positive,Good quality but slightly expensive. Would recommend.
REV-0387,PROD-0175,Sports,2,2024-12-01,1,59,489,0,positive,"Great product, exactly as described. Fast delivery!"
REV-0388,PROD-0107,Auto,4,2023-01-23,1,20,550,1,negative,Disappointed with quality. Not worth the price.
REV-0389,PROD-0017,Electronics,4,2024-09-29,1,15,292,0,negative,Average product. Packaging could be better.
REV-0390,PROD-0095,Furniture,4,2023-05-08,1,37,111,1,neutral,Disappointed with quality. Not worth the price.
REV-0391,PROD-0123,Home & Kitchen,4,2024-07-18,1,40,224,0,negative,Good quality but slightly expensive. Would recommend.
REV-0392,PROD-0119,Toys,5,2023-05-29,1,74,518,0,negative,Disappointed with quality. Not worth the price.
REV-0393,PROD-0058,Books,5,2024-05-12,1,112,325,1,positive,"Great product, exactly as described. Fast delivery!"
REV-0394,PROD-0066,Clothing,5,2023-04-27,1,78,425,1,positive,Good quality but slightly expensive. Would recommend.
REV-0395,PROD-0048,Furniture,4,2024-04-08,1,52,419,0,neutral,Good quality but slightly expensive. Would recommend.
REV-0396,PROD-0128,Grocery,4,2024-07-25,1,47,612,1,negative,Works perfectly. Customer support was helpful.
REV-0397,PROD-0039,Clothing,4,2024-04-10,1,30,749,1,positive,Excellent! Exceeded expectations. Will buy again.
REV-0398,PROD-0006,Toys,5,2024-07-23,0,34,203,0,negative,Damaged on arrival. Replacement was sent promptly.
REV-0399,PROD-0124,Sports,5,2023-12-11,0,85,294,0,negative,Damaged on arrival. Replacement was sent promptly.
REV-0400,PROD-0110,Books,5,2024-12-23,1,79,528,0,positive,Excellent! Exceeded expectations. Will buy again.
REV-0401,PROD-0087,Electronics,5,2024-08-17,1,114,389,0,positive,Works perfectly. Customer support was helpful.
REV-0402,PROD-0050,Toys,4,2023-05-27,1,0,501,0,negative,"Great product, exactly as described. Fast delivery!"
REV-0403,PROD-0133,Sports,5,2024-10-17,0,41,186,0,positive,Good quality but slightly expensive. Would recommend.
REV-0404,PROD-0073,Home & Kitchen,4,2023-03-03,1,24,211,0,neutral,"Great product, exactly as described. Fast delivery!"
REV-0405,PROD-0025,Clothing,4,2023-04-27,1,111,785,1,negative,Disappointed with quality. Not worth the price.
REV-0406,PROD-0050,Home & Kitchen,4,2024-01-29,1,78,351,1,positive,"Great product, exactly as described. Fast delivery!"
REV-0407,PROD-0158,Beauty,3,2024-10-17,1,66,106,0,positive,Best purchase this year. Highly recommended!
REV-0408,PROD-0015,Home & Kitchen,3,2024-01-02,0,107,418,1,positive,Excellent! Exceeded expectations. Will buy again.
REV-0409,PROD-0162,Toys,3,2024-07-17,0,120,749,1,negative,Disappointed with quality. Not worth the price.
REV-0410,PROD-0195,Sports,5,2023-09-05,1,21,410,1,positive,Good quality but slightly expensive. Would recommend.
REV-0411,PROD-0092,Sports,5,2023-07-22,1,46,533,0,neutral,Best purchase this year. Highly recommended!
REV-0412,PROD-0109,Toys,5,2024-11-16,1,100,98,0,negative,"Great product, exactly as described. Fast delivery!"
REV-0413,PROD-0088,Sports,5,2023-06-22,1,112,123,0,neutral,"Great product, exactly as described. Fast delivery!"
REV-0414,PROD-0060,Auto,1,2024-03-04,1,10,177,0,negative,Best purchase this year. Highly recommended!
REV-0415,PROD-0072,Furniture,5,2023-09-23,0,69,134,1,negative,Damaged on arrival. Replacement was sent promptly.
REV-0416,PROD-0194,Books,4,2024-09-14,0,17,561,1,positive,Works perfectly. Customer support was helpful.
REV-0417,PROD-0185,Grocery,4,2024-03-02,1,61,150,0,negative,Works perfectly. Customer support was helpful.
REV-0418,PROD-0125,Books,5,2024-12-25,0,105,508,0,positive,Good quality but slightly expensive. Would recommend.
REV-0419,PROD-0074,Books,5,2024-04-05,1,83,74,0,negative,Disappointed with quality. Not worth the price.
REV-0420,PROD-0062,Home & Kitchen,5,2023-07-03,1,54,353,0,positive,Works perfectly. Customer support was helpful.
REV-0421,PROD-0004,Clothing,5,2024-05-16,1,67,627,1,neutral,Average product. Packaging could be better.
REV-0422,PROD-0082,Beauty,4,2024-12-06,1,43,423,0,negative,Good quality but slightly expensive. Would recommend.
REV-0423,PROD-0171,Sports,4,2024-12-02,1,16,82,0,positive,Good quality but slightly expensive. Would recommend.
REV-0424,PROD-0155,Auto,5,2024-12-25,1,32,186,0,neutral,Good quality but slightly expensive. Would recommend.
REV-0425,PROD-0090,Home & Kitchen,3,2023-02-25,1,70,467,1,positive,Good quality but slightly expensive. Would recommend.
REV-0426,PROD-0015,Home & Kitchen,5,2023-02-23,1,51,702,1,positive,Damaged on arrival. Replacement was sent promptly.
REV-0427,PROD-0041,Books,5,2024-04-26,1,100,180,0,positive,Damaged on arrival. Replacement was sent promptly.
REV-0428,PROD-0074,Sports,5,2024-07-01,1,104,433,1,neutral,Works perfectly. Customer support was helpful.
REV-0429,PROD-0134,Clothing,5,2023-04-15,0,5,587,0,positive,Best purchase this year. Highly recommended!
REV-0430,PROD-0009,Furniture,5,2023-08-28,0,45,203,0,positive,Best purchase this year. Highly recommended!
REV-0431,PROD-0015,Books,5,2023-11-28,1,29,359,1,negative,Excellent! Exceeded expectations. Will buy again.
REV-0432,PROD-0003,Electronics,4,2023-10-08,1,103,276,0,negative,Excellent! Exceeded expectations. Will buy again.
REV-0433,PROD-0103,Auto,4,2023-10-03,1,5,622,0,neutral,Average product. Packaging could be better.
REV-0434,PROD-0044,Books,1,2023-05-16,1,104,233,1,positive,Damaged on arrival. Replacement was sent promptly.
REV-0435,PROD-0017,Beauty,4,2023-06-10,1,49,678,0,positive,Good quality but slightly expensive. Would recommend.
REV-0436,PROD-0132,Clothing,5,2023-04-09,1,50,590,0,positive,Excellent! Exceeded expectations. Will buy again.
REV-0437,PROD-0011,Clothing,4,2024-07-03,1,43,429,0,neutral,Damaged on arrival. Replacement was sent promptly.
REV-0438,PROD-0197,Auto,4,2024-10-08,1,33,368,1,positive,Excellent! Exceeded expectations. Will buy again.
REV-0439,PROD-0137,Electronics,3,2023-10-02,1,41,716,0,negative,Works perfectly. Customer support was helpful.
REV-0440,PROD-0071,Beauty,4,2023-05-24,1,10,309,0,positive,Good quality but slightly expensive. Would recommend.
REV-0441,PROD-0144,Toys,4,2024-12-16,1,55,710,0,neutral,Average product. Packaging could be better.
REV-0442,PROD-0180,Beauty,4,2023-07-20,1,93,155,1,negative,Best purchase this year. Highly recommended!
REV-0443,PROD-0086,Books,4,2023-01-24,0,103,197,0,positive,Damaged on arrival. Replacement was sent promptly.
REV-0444,PROD-0025,Grocery,4,2024-06-30,1,90,771,1,neutral,Excellent! Exceeded expectations. Will buy again.
REV-0445,PROD-0106,Clothing,4,2024-02-27,0,11,501,1,neutral,Works perfectly. Customer support was helpful.
REV-0446,PROD-0151,Electronics,5,2023-06-20,1,44,475,0,neutral,Works perfectly. Customer support was helpful.
REV-0447,PROD-0076,Home & Kitchen,4,2024-03-11,1,116,470,1,neutral,Average product. Packaging could be better.
REV-0448,PROD-0131,Toys,4,2024-05-27,0,82,237,1,negative,Good quality but slightly expensive. Would recommend.
REV-0449,PROD-0136,Clothing,5,2023-09-03,1,27,416,0,positive,Excellent! Exceeded expectations. Will buy again.
REV-0450,PROD-0183,Sports,5,2024-02-02,0,44,344,0,negative,Best purchase this year. Highly recommended!
REV-0451,PROD-0084,Beauty,4,2023-10-21,1,80,218,0,positive,Works perfectly. Customer support was helpful.
REV-0452,PROD-0042,Clothing,5,2023-08-12,1,52,115,0,positive,Damaged on arrival. Replacement was sent promptly.
REV-0453,PROD-0076,Sports,4,2024-09-27,1,81,408,0,positive,Average product. Packaging could be better.
REV-0454,PROD-0034,Furniture,5,2024-11-23,1,48,405,0,neutral,Average product. Packaging could be better.
REV-0455,PROD-0157,Furniture,4,2024-10-28,1,118,603,0,positive,Works perfectly. Customer support was helpful.
REV-0456,PROD-0035,Beauty,5,2024-10-24,1,57,727,0,positive,Works perfectly. Customer support was helpful.
REV-0457,PROD-0142,Home & Kitchen,4,2023-04-05,1,29,138,0,neutral,Average product. Packaging could be better.
REV-0458,PROD-0100,Toys,5,2024-08-15,1,9,88,1,neutral,Excellent! Exceeded expectations. Will buy again.
REV-0459,PROD-0122,Electronics,5,2024-11-19,0,47,755,0,positive,Excellent! Exceeded expectations. Will buy again.
REV-0460,PROD-0150,Toys,5,2024-12-07,1,113,186,0,negative,Good quality but slightly expensive. Would recommend.
REV-0461,PROD-0165,Electronics,1,2024-08-31,1,59,773,1,neutral,Good quality but slightly expensive. Would recommend.
REV-0462,PROD-0132,Toys,1,2024-04-10,1,71,231,0,positive,Disappointed with quality. Not worth the price.
REV-0463,PROD-0120,Electronics,5,2024-02-08,1,94,754,0,negative,Damaged on arrival. Replacement was sent promptly.
REV-0464,PROD-0149,Toys,5,2023-07-26,1,78,138,0,positive,Good quality but slightly expensive. Would recommend.
REV-0465,PROD-0196,Auto,5,2024-02-20,1,64,34,1,positive,Best purchase this year. Highly recommended!
REV-0466,PROD-0106,Books,4,2024-12-26,0,52,56,0,positive,Good quality but slightly expensive. Would recommend.
REV-0467,PROD-0120,Home & Kitchen,5,2023-04-29,1,25,491,0,negative,Works perfectly. Customer support was helpful.
REV-0468,PROD-0072,Auto,5,2023-10-17,1,95,479,0,positive,"Great product, exactly as described. Fast delivery!"
REV-0469,PROD-0058,Electronics,5,2024-08-01,0,45,239,0,positive,Works perfectly. Customer support was helpful.
REV-0470,PROD-0146,Clothing,5,2024-07-09,1,16,576,1,negative,Disappointed with quality. Not worth the price.
REV-0471,PROD-0196,Books,3,2023-07-28,0,43,366,1,positive,Excellent! Exceeded expectations. Will buy again.
REV-0472,PROD-0054,Sports,4,2023-01-24,1,82,323,1,negative,Excellent! Exceeded expectations. Will buy again.
REV-0473,PROD-0010,Electronics,4,2023-05-22,1,21,278,0,positive,Disappointed with quality. Not worth the price.
REV-0474,PROD-0155,Grocery,5,2024-06-17,1,110,648,0,negative,Works perfectly. Customer support was helpful.
REV-0475,PROD-0188,Grocery,4,2023-10-15,0,84,260,0,negative,Good quality but slightly expensive. Would recommend.
REV-0476,PROD-0169,Furniture,4,2024-04-20,1,75,123,1,positive,"Great product, exactly as described. Fast delivery!"
REV-0477,PROD-0177,Grocery,4,2023-11-16,1,91,38,1,positive,Works perfectly. Customer support was helpful.
REV-0478,PROD-0174,Beauty,5,2023-01-01,0,24,709,0,positive,"Great product, exactly as described. Fast delivery!"
REV-0479,PROD-0061,Electronics,5,2024-09-19,1,56,21,0,negative,"Great product, exactly as described. Fast delivery!"
REV-0480,PROD-0181,Beauty,5,2024-01-11,1,116,723,0,negative,Disappointed with quality. Not worth the price.
REV-0481,PROD-0006,Toys,5,2024-04-01,1,3,332,0,positive,Excellent! Exceeded expectations. Will buy again.
REV-0482,PROD-0163,Books,5,2024-07-17,1,25,560,0,positive,"Great product, exactly as described. Fast delivery!"
REV-0483,PROD-0166,Electronics,4,2024-12-11,0,0,378,1,negative,Good quality but slightly expensive. Would recommend.
REV-0484,PROD-0092,Toys,5,2024-01-12,1,32,719,0,positive,Excellent! Exceeded expectations. Will buy again.
REV-0485,PROD-0047,Books,4,2024-12-26,1,39,299,1,neutral,Damaged on arrival. Replacement was sent promptly.
REV-0486,PROD-0146,Clothing,4,2023-05-23,1,2,692,1,positive,Damaged on arrival. Replacement was sent promptly.
REV-0487,PROD-0051,Auto,5,2024-09-07,1,11,550,0,positive,Average product. Packaging could be better.
REV-0488,PROD-0120,Electronics,3,2023-10-25,1,35,591,0,negative,Best purchase this year. Highly recommended!
REV-0489,PROD-0109,Sports,5,2024-09-01,1,74,230,0,positive,"Great product, exactly as described. Fast delivery!"
REV-0490,PROD-0140,Toys,1,2023-11-22,1,37,309,1,neutral,Good quality but slightly expensive. Would recommend.
REV-0491,PROD-0163,Clothing,4,2024-03-04,0,73,723,1,positive,"Great product, exactly as described. Fast delivery!"
REV-0492,PROD-0002,Grocery,4,2024-04-10,1,5,539,0,positive,"Great product, exactly as described. Fast delivery!"
REV-0493,PROD-0009,Auto,5,2024-10-27,1,20,402,1,positive,Best purchase this year. Highly recommended!
REV-0494,PROD-0012,Books,4,2023-10-02,1,15,687,0,positive,Disappointed with quality. Not worth the price.
REV-0495,PROD-0032,Home & Kitchen,4,2024-05-21,0,34,697,0,neutral,"Great product, exactly as described. Fast delivery!"
REV-0496,PROD-0192,Clothing,5,2023-12-14,1,72,627,0,positive,Good quality but slightly expensive. Would recommend.
REV-0497,PROD-0127,Auto,4,2023-05-07,1,116,684,1,positive,Average product. Packaging could be better.
REV-0498,PROD-0130,Beauty,5,2024-10-18,1,19,430,0,negative,Best purchase this year. Highly recommended!
REV-0499,PROD-0069,Toys,5,2023-09-23,1,105,632,0,positive,Best purchase this year. Highly recommended!
REV-0500,PROD-0005,Toys,2,2023-07-21,0,98,659,0,positive,Good quality but slightly expensive. Would recommend.
REV-0501,PROD-0066,Beauty,5,2023-02-28,0,19,174,0,neutral,Disappointed with quality. Not worth the price.
REV-0502,PROD-0080,Beauty,5,2024-09-26,1,23,172,0,positive,Excellent! Exceeded expectations. Will buy again.
REV-0503,PROD-0135,Home & Kitchen,5,2024-12-31,1,112,794,0,neutral,Good quality but slightly expensive. Would recommend.
REV-0504,PROD-0163,Clothing,5,2024-11-25,0,27,38,1,neutral,"Great product, exactly as described. Fast delivery!"
REV-0505,PROD-0182,Sports,5,2023-05-24,1,77,118,0,negative,"Great product, exactly as described. Fast delivery!"
REV-0506,PROD-0173,Grocery,5,2023-09-12,1,11,794,1,positive,Average product. Packaging could be better.
REV-0507,PROD-0016,Toys,5,2024-05-03,0,6,255,0,negative,Excellent! Exceeded expectations. Will buy again.
REV-0508,PROD-0165,Clothing,5,2024-12-21,0,120,618,0,negative,Good quality but slightly expensive. Would recommend.
REV-0509,PROD-0060,Electronics,5,2024-05-05,1,39,320,0,negative,Good quality but slightly expensive. Would recommend.
REV-0510,PROD-0034,Beauty,5,2024-09-25,1,51,199,0,positive,Average product. Packaging could be better.
REV-0511,PROD-0003,Auto,5,2024-04-25,1,42,639,0,positive,Works perfectly. Customer support was helpful.
REV-0512,PROD-0084,Grocery,4,2024-09-17,0,46,23,0,negative,Good quality but slightly expensive. Would recommend.
REV-0513,PROD-0092,Auto,4,2024-01-15,1,118,431,1,negative,"Great product, exactly as described. Fast delivery!"
REV-0514,PROD-0094,Auto,4,2023-11-17,1,117,196,0,positive,Good quality but slightly expensive. Would recommend.
REV-0515,PROD-0124,Electronics,4,2023-09-16,1,16,241,0,positive,Damaged on arrival. Replacement was sent promptly.
REV-0516,PROD-0164,Electronics,5,2023-02-20,1,29,311,0,positive,"Great product, exactly as described. Fast delivery!"
REV-0517,PROD-0117,Sports,5,2023-02-26,1,68,562,1,negative,Best purchase this year. Highly recommended!
REV-0518,PROD-0158,Electronics,3,2024-03-13,0,63,350,0,neutral,Best purchase this year. Highly recommended!
REV-0519,PROD-0189,Furniture,4,2023-09-22,0,0,148,0,positive,"Great product, exactly as described. Fast delivery!"
REV-0520,PROD-0053,Toys,5,2023-03-05,1,45,174,0,positive,Average product. Packaging could be better.
REV-0521,PROD-0035,Electronics,4,2023-12-05,1,21,618,1,neutral,Good quality but slightly expensive. Would recommend.
REV-0522,PROD-0103,Electronics,3,2024-04-07,1,53,495,1,negative,Excellent! Exceeded expectations. Will buy again.
REV-0523,PROD-0133,Auto,5,2024-07-03,1,71,392,0,positive,Excellent! Exceeded expectations. Will buy again.
REV-0524,PROD-0052,Home & Kitchen,5,2023-02-06,1,94,100,0,negative,Damaged on arrival. Replacement was sent promptly.
REV-0525,PROD-0037,Beauty,5,2024-12-24,1,14,299,0,neutral,Best purchase this year. Highly recommended!
REV-0526,PROD-0153,Books,4,2023-08-26,1,70,162,1,negative,Excellent! Exceeded expectations. Will buy again.
REV-0527,PROD-0006,Furniture,4,2024-09-19,1,107,764,0,neutral,Best purchase this year. Highly recommended!
REV-0528,PROD-0147,Electronics,3,2023-02-20,1,84,364,1,positive,Disappointed with quality. Not worth the price.
REV-0529,PROD-0169,Sports,5,2024-12-21,1,11,641,1,positive,"Great product, exactly as described. Fast delivery!"
REV-0530,PROD-0124,Auto,5,2024-02-23,1,68,498,0,positive,Average product. Packaging could be better.
REV-0531,PROD-0039,Auto,5,2023-08-04,0,63,296,1,neutral,"Great product, exactly as described. Fast delivery!"
REV-0532,PROD-0020,Toys,4,2024-03-04,0,44,296,1,positive,Best purchase this year. Highly recommended!
REV-0533,PROD-0167,Home & Kitchen,3,2023-09-18,1,8,81,0,positive,Best purchase this year. Highly recommended!
REV-0534,PROD-0153,Home & Kitchen,4,2023-08-15,1,117,221,0,positive,Good quality but slightly expensive. Would recommend.
REV-0535,PROD-0168,Books,3,2023-08-30,0,17,20,1,positive,Good quality but slightly expensive. Would recommend.
REV-0536,PROD-0175,Furniture,5,2024-11-26,1,90,493,1,positive,Good quality but slightly expensive. Would recommend.
REV-0537,PROD-0117,Beauty,5,2023-01-14,1,105,657,1,positive,Excellent! Exceeded expectations. Will buy again.
REV-0538,PROD-0092,Beauty,2,2023-08-08,1,54,257,0,positive,Damaged on arrival. Replacement was sent promptly.
REV-0539,PROD-0001,Clothing,5,2024-11-19,1,45,101,1,positive,Good quality but slightly expensive. Would recommend.
REV-0540,PROD-0111,Auto,4,2023-01-13,1,98,21,0,neutral,Disappointed with quality. Not worth the price.
REV-0541,PROD-0108,Home & Kitchen,5,2023-05-18,1,93,228,0,negative,Works perfectly. Customer support was helpful.
REV-0542,PROD-0009,Electronics,4,2023-06-14,1,53,649,0,positive,Disappointed with quality. Not worth the price.
REV-0543,PROD-0080,Furniture,5,2024-10-13,0,119,712,0,positive,Disappointed with quality. Not worth the price.
REV-0544,PROD-0076,Home & Kitchen,5,2023-06-01,1,15,190,0,positive,Excellent! Exceeded expectations. Will buy again.
REV-0545,PROD-0184,Clothing,5,2024-04-28,0,38,779,0,positive,Average product. Packaging could be better.
REV-0546,PROD-0124,Auto,3,2023-01-25,1,34,372,0,positive,Good quality but slightly expensive. Would recommend.
REV-0547,PROD-0200,Electronics,5,2024-11-24,1,99,183,0,positive,"Great product, exactly as described. Fast delivery!"
REV-0548,PROD-0146,Clothing,5,2024-09-04,1,91,189,0,positive,Good quality but slightly expensive. Would recommend.
REV-0549,PROD-0116,Electronics,4,2024-01-25,1,116,758,0,negative,Disappointed with quality. Not worth the price.
REV-0550,PROD-0189,Electronics,5,2023-04-16,1,86,343,0,positive,Works perfectly. Customer support was helpful.
REV-0551,PROD-0168,Sports,5,2023-08-16,1,61,185,0,positive,Average product. Packaging could be better.
REV-0552,PROD-0065,Sports,1,2024-03-04,1,17,516,1,neutral,Damaged on arrival. Replacement was sent promptly.
REV-0553,PROD-0044,Books,1,2024-12-03,0,113,311,1,neutral,Damaged on arrival. Replacement was sent promptly.
REV-0554,PROD-0173,Home & Kitchen,4,2024-11-30,0,3,86,0,neutral,Works perfectly. Customer support was helpful.
REV-0555,PROD-0186,Home & Kitchen,5,2023-07-23,1,105,118,1,positive,"Great product, exactly as described. Fast delivery!"
REV-0556,PROD-0159,Home & Kitchen,5,2023-11-23,0,50,399,1,neutral,Works perfectly. Customer support was helpful.
REV-0557,PROD-0087,Books,5,2024-01-14,1,27,614,0,positive,Excellent! Exceeded expectations. Will buy again.
REV-0558,PROD-0102,Electronics,1,2024-11-06,1,55,41,0,negative,Best purchase this year. Highly recommended!
REV-0559,PROD-0154,Grocery,5,2024-08-17,1,39,426,0,positive,Damaged on arrival. Replacement was sent promptly.
REV-0560,PROD-0082,Sports,4,2023-03-18,0,92,629,0,positive,Works perfectly. Customer support was helpful.
REV-0561,PROD-0099,Clothing,5,2023-03-15,1,99,577,0,positive,Average product. Packaging could be better.
REV-0562,PROD-0075,Electronics,5,2023-01-06,0,88,53,0,positive,"Great product, exactly as described. Fast delivery!"
REV-0563,PROD-0170,Sports,4,2023-02-25,1,48,41,1,positive,Average product. Packaging could be better.
REV-0564,PROD-0038,Auto,4,2024-08-27,0,31,307,0,positive,"Great product, exactly as described. Fast delivery!"
REV-0565,PROD-0162,Home & Kitchen,5,2023-01-20,1,34,423,0,positive,Works perfectly. Customer support was helpful.
REV-0566,PROD-0063,Beauty,4,2023-06-14,1,21,765,1,positive,Average product. Packaging could be better.
REV-0567,PROD-0166,Sports,4,2024-04-24,1,86,58,1,negative,"Great product, exactly as described. Fast delivery!"
REV-0568,PROD-0092,Clothing,5,2023-08-30,1,94,328,0,positive,Disappointed with quality. Not worth the price.
REV-0569,PROD-0095,Beauty,5,2023-12-23,1,120,552,0,negative,Damaged on arrival. Replacement was sent promptly.
REV-0570,PROD-0102,Books,3,2023-08-27,0,31,687,0,neutral,Average product. Packaging could be better.
REV-0571,PROD-0024,Grocery,5,2024-04-26,1,78,697,0,positive,Good quality but slightly expensive. Would recommend.
REV-0572,PROD-0108,Clothing,5,2023-02-12,1,79,101,1,positive,Disappointed with quality. Not worth the price.
REV-0573,PROD-0097,Beauty,2,2024-06-19,1,59,146,1,negative,Excellent! Exceeded expectations. Will buy again.
REV-0574,PROD-0190,Books,4,2024-01-01,1,4,795,0,positive,Disappointed with quality. Not worth the price.
REV-0575,PROD-0057,Home & Kitchen,5,2023-01-25,1,53,609,0,positive,Damaged on arrival. Replacement was sent promptly.
REV-0576,PROD-0137,Home & Kitchen,4,2023-06-24,1,57,353,0,positive,Works perfectly. Customer support was helpful.
REV-0577,PROD-0157,Grocery,4,2023-01-11,1,78,383,0,negative,Best purchase this year. Highly recommended!
REV-0578,PROD-0191,Beauty,5,2024-06-12,1,82,94,0,positive,"Great product, exactly as described. Fast delivery!"
REV-0579,PROD-0142,Auto,3,2023-12-30,1,117,208,0,negative,Works perfectly. Customer support was helpful.
REV-0580,PROD-0052,Electronics,5,2023-01-04,1,16,352,0,negative,Best purchase this year. Highly recommended!
REV-0581,PROD-0118,Beauty,5,2024-04-09,1,115,676,1,positive,Works perfectly. Customer support was helpful.
REV-0582,PROD-0128,Furniture,4,2024-08-19,1,79,608,0,positive,Average product. Packaging could be better.
REV-0583,PROD-0042,Auto,5,2024-11-30,0,86,362,0,neutral,Works perfectly. Customer support was helpful.
REV-0584,PROD-0103,Beauty,4,2023-06-14,1,30,641,0,positive,Best purchase this year. Highly recommended!
REV-0585,PROD-0155,Furniture,5,2023-02-18,1,5,205,1,neutral,Disappointed with quality. Not worth the price.
REV-0586,PROD-0052,Home & Kitchen,4,2024-10-31,1,24,79,0,positive,Damaged on arrival. Replacement was sent promptly.
REV-0587,PROD-0060,Sports,4,2023-11-26,0,37,37,0,positive,Good quality but slightly expensive. Would recommend.
REV-0588,PROD-0190,Grocery,5,2024-09-29,0,90,27,0,negative,Works perfectly. Customer support was helpful.
REV-0589,PROD-0094,Clothing,5,2024-07-07,0,2,294,0,positive,Excellent! Exceeded expectations. Will buy again.
REV-0590,PROD-0009,Sports,4,2024-09-06,1,33,745,0,neutral,Excellent! Exceeded expectations. Will buy again.
REV-0591,PROD-0070,Electronics,2,2023-09-09,1,55,651,0,negative,"Great product, exactly as described. Fast delivery!"
REV-0592,PROD-0065,Sports,4,2024-01-14,1,109,188,0,neutral,"Great product, exactly as described. Fast delivery!"
REV-0593,PROD-0161,Auto,5,2023-12-15,0,109,102,0,positive,Works perfectly. Customer support was helpful.
REV-0594,PROD-0045,Furniture,4,2024-03-07,1,42,285,0,positive,Good quality but slightly expensive. Would recommend.
REV-0595,PROD-0081,Books,4,2023-05-24,1,102,90,0,positive,Excellent! Exceeded expectations. Will buy again.
REV-0596,PROD-0101,Books,4,2024-04-01,1,111,172,0,negative,Works perfectly. Customer support was helpful.
REV-0597,PROD-0200,Electronics,5,2023-08-11,1,104,624,0,positive,Good quality but slightly expensive. Would recommend.
REV-0598,PROD-0077,Furniture,4,2023-08-31,1,99,700,1,positive,Disappointed with quality. Not worth the price.
REV-0599,PROD-0194,Sports,4,2023-12-19,1,84,199,0,positive,Best purchase this year. Highly recommended!
REV-0600,PROD-0013,Toys,5,2023-05-19,1,25,272,0,positive,Excellent! Exceeded expectations. Will buy again.
REV-0601,PROD-0083,Furniture,5,2024-12-03,1,87,677,1,negative,Excellent! Exceeded expectations. Will buy again.
REV-0602,PROD-0184,Grocery,5,2023-05-21,1,44,791,1,negative,Average product. Packaging could be better.
REV-0603,PROD-0137,Electronics,5,2024-03-17,0,33,184,0,positive,Disappointed with quality. Not worth the price.
REV-0604,PROD-0157,Sports,4,2024-08-30,1,2,225,1,neutral,Good quality but slightly expensive. Would recommend.
REV-0605,PROD-0198,Clothing,2,2023-11-11,1,53,544,0,positive,Disappointed with quality. Not worth the price.
REV-0606,PROD-0092,Books,5,2023-08-29,1,90,201,0,neutral,Works perfectly. Customer support was helpful.
REV-0607,PROD-0068,Sports,5,2023-07-06,1,82,644,0,positive,Disappointed with quality. Not worth the price.
REV-0608,PROD-0120,Auto,5,2024-01-27,1,40,77,0,positive,Excellent! Exceeded expectations. Will buy again.
REV-0609,PROD-0071,Home & Kitchen,4,2024-01-23,1,96,796,0,negative,Best purchase this year. Highly recommended!
REV-0610,PROD-0031,Auto,1,2024-12-02,1,66,597,0,positive,Best purchase this year. Highly recommended!
REV-0611,PROD-0054,Electronics,5,2023-07-18,1,13,435,0,positive,Average product. Packaging could be better.
REV-0612,PROD-0121,Clothing,4,2024-07-18,1,84,779,0,neutral,"Great product, exactly as described. Fast delivery!"
REV-0613,PROD-0059,Beauty,4,2023-02-19,0,104,742,0,negative,Excellent! Exceeded expectations. Will buy again.
REV-0614,PROD-0167,Beauty,5,2024-05-30,1,66,82,0,neutral,Average product. Packaging could be better.
REV-0615,PROD-0093,Electronics,4,2023-12-20,0,89,593,0,negative,"Great product, exactly as described. Fast delivery!"
REV-0616,PROD-0044,Auto,5,2023-07-05,0,94,771,0,positive,"Great product, exactly as described. Fast delivery!"
REV-0617,PROD-0138,Beauty,4,2024-08-06,1,95,670,0,negative,"Great product, exactly as described. Fast delivery!"
REV-0618,PROD-0175,Toys,4,2023-12-16,0,109,537,0,positive,"Great product, exactly as described. Fast delivery!"
REV-0619,PROD-0134,Clothing,5,2024-05-07,1,42,385,0,negative,Disappointed with quality. Not worth the price.
REV-0620,PROD-0166,Furniture,5,2024-02-09,1,44,551,0,positive,"Great product, exactly as described. Fast delivery!"
REV-0621,PROD-0030,Electronics,5,2024-01-08,1,35,586,0,negative,Damaged on arrival. Replacement was sent promptly.
REV-0622,PROD-0057,Grocery,5,2024-02-25,0,61,349,0,neutral,Works perfectly. Customer support was helpful.
REV-0623,PROD-0080,Clothing,5,2024-01-13,1,100,709,0,positive,Excellent! Exceeded expectations. Will buy again.
REV-0624,PROD-0096,Furniture,4,2024-11-11,0,118,393,0,negative,Good quality but slightly expensive. Would recommend.
REV-0625,PROD-0173,Electronics,4,2023-02-07,0,21,491,0,positive,Average product. Packaging could be better.
REV-0626,PROD-0159,Auto,5,2024-05-21,1,27,280,0,neutral,Excellent! Exceeded expectations. Will buy again.
REV-0627,PROD-0084,Auto,4,2023-12-20,1,102,579,1,positive,Excellent! Exceeded expectations. Will buy again.
REV-0628,PROD-0126,Auto,4,2024-07-14,1,10,165,1,neutral,Good quality but slightly expensive. Would recommend.
REV-0629,PROD-0002,Home & Kitchen,5,2024-05-02,1,1,670,0,neutral,Damaged on arrival. Replacement was sent promptly.
REV-0630,PROD-0067,Electronics,5,2024-12-28,1,9,552,0,positive,Excellent! Exceeded expectations. Will buy again.
REV-0631,PROD-0029,Furniture,5,2023-03-25,1,68,378,0,positive,Damaged on arrival. Replacement was sent promptly.
REV-0632,PROD-0075,Home & Kitchen,5,2023-03-22,1,33,528,0,positive,Damaged on arrival. Replacement was sent promptly.
REV-0633,PROD-0156,Books,1,2023-01-27,1,116,617,0,negative,Works perfectly. Customer support was helpful.
REV-0634,PROD-0043,Beauty,5,2024-08-03,0,104,179,0,positive,Works perfectly. Customer support was helpful.
REV-0635,PROD-0098,Toys,4,2023-03-22,1,89,86,0,negative,Excellent! Exceeded expectations. Will buy again.
REV-0636,PROD-0004,Auto,3,2023-07-28,0,100,673,1,positive,Disappointed with quality. Not worth the price.
REV-0637,PROD-0130,Electronics,1,2024-07-23,1,102,447,0,positive,Disappointed with quality. Not worth the price.
REV-0638,PROD-0029,Sports,4,2024-10-11,0,71,188,0,positive,"Great product, exactly as described. Fast delivery!"
REV-0639,PROD-0034,Auto,5,2023-03-07,1,70,584,0,positive,Average product. Packaging could be better.
REV-0640,PROD-0153,Toys,5,2024-06-28,1,32,457,0,positive,Works perfectly. Customer support was helpful.
REV-0641,PROD-0145,Clothing,3,2024-12-01,1,66,442,0,positive,Best purchase this year. Highly recommended!
REV-0642,PROD-0164,Grocery,5,2023-06-17,1,43,667,1,positive,Best purchase this year. Highly recommended!
REV-0643,PROD-0003,Grocery,1,2023-10-28,1,96,372,0,negative,Average product. Packaging could be better.
REV-0644,PROD-0117,Home & Kitchen,4,2024-08-26,1,85,508,1,positive,Disappointed with quality. Not worth the price.
REV-0645,PROD-0049,Electronics,5,2024-08-27,1,41,58,0,positive,Best purchase this year. Highly recommended!
REV-0646,PROD-0037,Sports,4,2023-07-02,0,55,346,0,positive,Average product. Packaging could be better.
REV-0647,PROD-0022,Books,5,2024-06-11,1,119,318,0,neutral,Best purchase this year. Highly recommended!
REV-0648,PROD-0139,Books,5,2024-04-14,1,24,355,0,positive,Damaged on arrival. Replacement was sent promptly.
REV-0649,PROD-0001,Beauty,4,2023-06-10,0,54,791,1,positive,Works perfectly. Customer support was helpful.
REV-0650,PROD-0038,Home & Kitchen,5,2023-09-28,1,104,287,0,positive,Average product. Packaging could be better.
REV-0651,PROD-0179,Auto,4,2024-03-20,1,114,573,0,neutral,Excellent! Exceeded expectations. Will buy again.
REV-0652,PROD-0046,Beauty,4,2023-04-08,0,40,304,0,neutral,Good quality but slightly expensive. Would recommend.
REV-0653,PROD-0087,Clothing,4,2024-06-07,1,93,65,1,positive,Average product. Packaging could be better.
REV-0654,PROD-0051,Beauty,5,2023-09-14,1,43,268,0,negative,Good quality but slightly expensive. Would recommend.
REV-0655,PROD-0053,Grocery,4,2024-07-31,0,9,180,0,negative,Disappointed with quality. Not worth the price.
REV-0656,PROD-0147,Grocery,5,2023-05-29,0,71,405,0,positive,Excellent! Exceeded expectations. Will buy again.
REV-0657,PROD-0048,Beauty,4,2023-11-15,1,77,52,0,negative,Best purchase this year. Highly recommended!
REV-0658,PROD-0076,Home & Kitchen,2,2023-06-01,1,79,35,0,neutral,Best purchase this year. Highly recommended!
REV-0659,PROD-0155,Electronics,5,2024-11-08,1,9,261,1,positive,Damaged on arrival. Replacement was sent promptly.
REV-0660,PROD-0128,Auto,5,2024-10-25,1,104,724,0,positive,Average product. Packaging could be better.
REV-0661,PROD-0179,Toys,5,2024-08-10,1,15,121,0,negative,Damaged on arrival. Replacement was sent promptly.
REV-0662,PROD-0096,Electronics,4,2024-10-15,1,96,596,0,positive,Works perfectly. Customer support was helpful.
REV-0663,PROD-0116,Toys,4,2024-02-29,0,6,441,0,positive,Damaged on arrival. Replacement was sent promptly.
REV-0664,PROD-0166,Beauty,4,2024-01-15,1,6,378,0,neutral,Works perfectly. Customer support was helpful.
REV-0665,PROD-0184,Toys,4,2024-10-08,1,56,520,0,negative,Good quality but slightly expensive. Would recommend.
REV-0666,PROD-0170,Beauty,5,2023-05-24,1,73,513,0,neutral,Excellent! Exceeded expectations. Will buy again.
REV-0667,PROD-0113,Books,4,2023-10-04,1,1,775,0,positive,Good quality but slightly expensive. Would recommend.
REV-0668,PROD-0064,Auto,3,2023-06-06,1,53,284,0,positive,Disappointed with quality. Not worth the price.
REV-0669,PROD-0047,Auto,2,2024-12-07,1,99,526,1,positive,Average product. Packaging could be better.
REV-0670,PROD-0035,Books,5,2023-01-30,1,12,644,0,negative,Best purchase this year. Highly recommended!
REV-0671,PROD-0014,Home & Kitchen,5,2023-12-12,0,9,124,0,neutral,Best purchase this year. Highly recommended!
REV-0672,PROD-0141,Beauty,5,2024-05-21,0,46,690,0,neutral,Disappointed with quality. Not worth the price.
REV-0673,PROD-0041,Auto,5,2024-06-13,0,114,669,1,neutral,Best purchase this year. Highly recommended!
REV-0674,PROD-0069,Home & Kitchen,4,2023-04-28,1,119,286,0,negative,Disappointed with quality. Not worth the price.
REV-0675,PROD-0115,Auto,5,2023-06-15,1,78,57,0,positive,Excellent! Exceeded expectations. Will buy again.
REV-0676,PROD-0078,Electronics,4,2024-10-26,1,17,219,1,positive,Works perfectly. Customer support was helpful.
REV-0677,PROD-0048,Toys,5,2024-07-05,1,18,613,0,neutral,Disappointed with quality. Not worth the price.
REV-0678,PROD-0130,Electronics,4,2024-03-05,1,24,711,0,positive,Average product. Packaging could be better.
REV-0679,PROD-0085,Clothing,4,2023-09-24,1,23,322,1,positive,Average product. Packaging could be better.
REV-0680,PROD-0152,Furniture,5,2023-08-09,1,21,535,0,negative,Works perfectly. Customer support was helpful.
REV-0681,PROD-0029,Beauty,4,2024-04-28,1,70,49,0,neutral,"Great product, exactly as described. Fast delivery!"
REV-0682,PROD-0165,Toys,5,2024-06-23,1,3,33,0,positive,"Great product, exactly as described. Fast delivery!"
REV-0683,PROD-0101,Beauty,4,2023-11-21,1,38,432,0,positive,Damaged on arrival. Replacement was sent promptly.
REV-0684,PROD-0163,Beauty,5,2024-02-08,1,44,630,0,positive,Works perfectly. Customer support was helpful.
REV-0685,PROD-0037,Auto,5,2024-03-29,1,19,92,1,positive,"Great product, exactly as described. Fast delivery!"
REV-0686,PROD-0057,Clothing,4,2024-07-02,1,52,70,0,negative,Average product. Packaging could be better.
REV-0687,PROD-0055,Beauty,5,2024-03-02,0,104,585,0,positive,Damaged on arrival. Replacement was sent promptly.
REV-0688,PROD-0186,Toys,2,2023-07-08,0,111,768,0,neutral,"Great product, exactly as described. Fast delivery!"
REV-0689,PROD-0087,Furniture,3,2024-09-30,0,103,644,0,positive,Disappointed with quality. Not worth the price.
REV-0690,PROD-0080,Home & Kitchen,4,2024-03-11,0,32,502,0,positive,Average product. Packaging could be better.
REV-0691,PROD-0164,Sports,5,2024-09-17,1,58,166,0,neutral,Damaged on arrival. Replacement was sent promptly.
REV-0692,PROD-0124,Furniture,3,2023-03-09,1,64,479,0,positive,Best purchase this year. Highly recommended!
REV-0693,PROD-0109,Furniture,4,2023-05-21,1,75,448,1,positive,"Great product, exactly as described. Fast delivery!"
REV-0694,PROD-0166,Clothing,4,2024-09-16,1,19,388,0,positive,"Great product, exactly as described. Fast delivery!"
REV-0695,PROD-0107,Home & Kitchen,3,2023-10-30,0,45,124,0,positive,Average product. Packaging could be better.
REV-0696,PROD-0089,Toys,4,2024-06-29,1,119,390,0,positive,Damaged on arrival. Replacement was sent promptly.
REV-0697,PROD-0136,Clothing,5,2023-10-01,1,45,620,0,positive,Works perfectly. Customer support was helpful.
REV-0698,PROD-0144,Auto,5,2023-08-06,1,82,495,0,positive,"Great product, exactly as described. Fast delivery!"
REV-0699,PROD-0091,Books,5,2023-08-23,1,79,269,1,positive,Excellent! Exceeded expectations. Will buy again.
REV-0700,PROD-0050,Furniture,2,2023-06-28,0,91,676,0,positive,Best purchase this year. Highly recommended!
REV-0701,PROD-0138,Clothing,5,2023-07-24,1,20,738,0,negative,Average product. Packaging could be better.
REV-0702,PROD-0077,Electronics,4,2023-02-18,1,95,463,0,negative,Best purchase this year. Highly recommended!
REV-0703,PROD-0161,Books,4,2024-03-19,1,27,419,0,negative,Disappointed with quality. Not worth the price.
REV-0704,PROD-0065,Beauty,4,2023-02-21,1,12,621,0,neutral,"Great product, exactly as described. Fast delivery!"
REV-0705,PROD-0144,Auto,5,2023-12-21,1,25,271,1,positive,Damaged on arrival. Replacement was sent promptly.
REV-0706,PROD-0073,Beauty,5,2023-04-14,1,97,752,0,positive,Good quality but slightly expensive. Would recommend.
REV-0707,PROD-0004,Furniture,5,2024-03-29,0,55,548,0,positive,Disappointed with quality. Not worth the price.
REV-0708,PROD-0112,Beauty,5,2023-09-15,1,21,534,0,neutral,Best purchase this year. Highly recommended!
REV-0709,PROD-0161,Grocery,4,2023-03-25,1,27,622,0,neutral,Best purchase this year. Highly recommended!
REV-0710,PROD-0017,Books,5,2024-05-11,0,11,228,1,positive,Good quality but slightly expensive. Would recommend.
REV-0711,PROD-0157,Clothing,5,2024-08-11,1,34,578,0,positive,Excellent! Exceeded expectations. Will buy again.
REV-0712,PROD-0033,Clothing,4,2024-02-28,1,56,369,0,neutral,Disappointed with quality. Not worth the price.
REV-0713,PROD-0139,Home & Kitchen,5,2024-03-20,1,110,177,0,positive,Best purchase this year. Highly recommended!
REV-0714,PROD-0200,Books,4,2024-04-23,1,71,253,0,positive,Good quality but slightly expensive. Would recommend.
REV-0715,PROD-0012,Toys,4,2023-12-29,1,65,345,0,neutral,Good quality but slightly expensive. Would recommend.
REV-0716,PROD-0046,Beauty,4,2024-09-20,1,45,475,1,positive,Works perfectly. Customer support was helpful.
REV-0717,PROD-0098,Electronics,4,2024-05-17,1,82,404,0,positive,Disappointed with quality. Not worth the price.
REV-0718,PROD-0108,Grocery,4,2024-09-17,1,31,192,1,neutral,Best purchase this year. Highly recommended!
REV-0719,PROD-0079,Auto,5,2023-05-20,1,89,216,0,positive,Excellent! Exceeded expectations. Will buy again.
REV-0720,PROD-0038,Clothing,5,2023-04-21,1,4,312,1,positive,Best purchase this year. Highly recommended!
REV-0721,PROD-0116,Home & Kitchen,5,2024-07-26,0,79,390,0,positive,Best purchase this year. Highly recommended!
REV-0722,PROD-0020,Books,4,2024-04-28,1,35,650,0,negative,Excellent! Exceeded expectations. Will buy again.
REV-0723,PROD-0094,Sports,4,2024-04-29,1,110,792,0,neutral,Best purchase this year. Highly recommended!
REV-0724,PROD-0186,Furniture,5,2024-05-05,1,69,429,0,positive,Good quality but slightly expensive. Would recommend.
REV-0725,PROD-0183,Books,5,2023-10-15,1,107,680,0,positive,Disappointed with quality. Not worth the price.
REV-0726,PROD-0025,Clothing,5,2023-05-28,0,102,291,0,positive,Excellent! Exceeded expectations. Will buy again.
REV-0727,PROD-0007,Auto,5,2024-11-19,0,15,395,0,negative,Works perfectly. Customer support was helpful.
REV-0728,PROD-0144,Beauty,5,2024-11-24,1,33,680,0,positive,Good quality but slightly expensive. Would recommend.
REV-0729,PROD-0088,Books,5,2023-03-29,0,4,647,0,negative,Works perfectly. Customer support was helpful.
REV-0730,PROD-0139,Electronics,4,2024-08-20,1,84,218,0,positive,Good quality but slightly expensive. Would recommend.
REV-0731,PROD-0172,Sports,5,2023-10-21,1,6,61,0,positive,Best purchase this year. Highly recommended!
REV-0732,PROD-0177,Toys,5,2023-12-18,1,94,589,0,negative,Excellent! Exceeded expectations. Will buy again.
REV-0733,PROD-0019,Sports,5,2024-08-11,1,81,394,0,positive,Disappointed with quality. Not worth the price.
REV-0734,PROD-0038,Toys,3,2023-01-25,1,67,620,0,neutral,"Great product, exactly as described. Fast delivery!"
REV-0735,PROD-0084,Toys,4,2024-06-04,1,92,690,0,positive,Excellent! Exceeded expectations. Will buy again.
REV-0736,PROD-0110,Furniture,4,2024-09-11,1,9,249,0,neutral,Best purchase this year. Highly recommended!
REV-0737,PROD-0095,Home & Kitchen,4,2024-03-03,1,43,304,1,negative,Works perfectly. Customer support was helpful.
REV-0738,PROD-0170,Electronics,3,2024-04-18,1,81,262,0,positive,Average product. Packaging could be better.
REV-0739,PROD-0197,Furniture,5,2024-09-26,1,24,93,0,positive,Disappointed with quality. Not worth the price.
REV-0740,PROD-0185,Home & Kitchen,5,2024-07-27,0,102,685,0,positive,Damaged on arrival. Replacement was sent promptly.
REV-0741,PROD-0185,Home & Kitchen,5,2023-07-04,1,28,561,0,positive,Best purchase this year. Highly recommended!
REV-0742,PROD-0102,Books,5,2024-07-01,1,29,718,0,positive,Excellent! Exceeded expectations. Will buy again.
REV-0743,PROD-0198,Clothing,4,2024-03-17,1,43,198,1,positive,Excellent! Exceeded expectations. Will buy again.
REV-0744,PROD-0033,Auto,5,2023-04-17,1,67,359,0,positive,"Great product, exactly as described. Fast delivery!"
REV-0745,PROD-0064,Clothing,5,2024-04-25,1,61,569,0,positive,Works perfectly. Customer support was helpful.
REV-0746,PROD-0128,Sports,5,2023-03-31,1,53,800,0,negative,"Great product, exactly as described. Fast delivery!"
REV-0747,PROD-0094,Clothing,5,2023-01-17,1,92,290,0,neutral,Excellent! Exceeded expectations. Will buy again.
REV-0748,PROD-0018,Beauty,5,2024-12-15,1,27,125,1,positive,"Great product, exactly as described. Fast delivery!"
REV-0749,PROD-0175,Electronics,5,2023-09-22,0,97,515,0,positive,Excellent! Exceeded expectations. Will buy again.
REV-0750,PROD-0166,Beauty,3,2024-01-09,1,42,394,0,positive,Excellent! Exceeded expectations. Will buy again.
REV-0751,PROD-0200,Sports,5,2024-05-02,1,28,50,0,positive,Works perfectly. Customer support was helpful.
REV-0752,PROD-0146,Books,5,2024-12-15,1,35,147,1,neutral,Damaged on arrival. Replacement was sent promptly.
REV-0753,PROD-0100,Books,3,2023-02-04,0,118,114,0,neutral,Works perfectly. Customer support was helpful.
REV-0754,PROD-0053,Beauty,5,2023-12-17,1,82,176,0,positive,"Great product, exactly as described. Fast delivery!"
REV-0755,PROD-0134,Grocery,4,2024-07-14,1,98,441,0,negative,Average product. Packaging could be better.
REV-0756,PROD-0136,Sports,3,2024-10-23,1,89,480,0,positive,Excellent! Exceeded expectations. Will buy again.
REV-0757,PROD-0105,Auto,5,2024-10-26,1,68,103,1,positive,Best purchase this year. Highly recommended!
REV-0758,PROD-0142,Electronics,1,2023-04-11,0,113,594,0,neutral,Damaged on arrival. Replacement was sent promptly.
REV-0759,PROD-0051,Auto,3,2023-02-10,1,57,627,0,negative,Excellent! Exceeded expectations. Will buy again.
REV-0760,PROD-0131,Beauty,5,2023-07-28,1,71,418,1,positive,Disappointed with quality. Not worth the price.
REV-0761,PROD-0173,Auto,5,2023-03-02,1,87,797,0,neutral,Good quality but slightly expensive. Would recommend.
REV-0762,PROD-0143,Electronics,5,2023-09-29,1,19,495,0,positive,Good quality but slightly expensive. Would recommend.
REV-0763,PROD-0038,Beauty,2,2023-06-07,1,27,733,0,positive,Disappointed with quality. Not worth the price.
REV-0764,PROD-0073,Toys,3,2023-02-08,1,91,333,0,positive,Average product. Packaging could be better.
REV-0765,PROD-0166,Books,5,2023-02-23,0,39,597,0,positive,Excellent! Exceeded expectations. Will buy again.
REV-0766,PROD-0070,Grocery,5,2024-02-23,1,13,317,1,positive,Best purchase this year. Highly recommended!
REV-0767,PROD-0072,Electronics,2,2024-10-29,1,41,132,0,positive,Excellent! Exceeded expectations. Will buy again.
REV-0768,PROD-0066,Beauty,5,2023-01-21,1,91,53,0,neutral,Disappointed with quality. Not worth the price.
REV-0769,PROD-0186,Grocery,5,2023-11-23,1,54,243,0,positive,Good quality but slightly expensive. Would recommend.
REV-0770,PROD-0158,Books,3,2023-12-10,1,49,677,0,neutral,Disappointed with quality. Not worth the price.
REV-0771,PROD-0048,Beauty,3,2024-10-17,1,91,593,0,neutral,Average product. Packaging could be better.
REV-0772,PROD-0046,Books,4,2023-01-12,1,5,265,0,positive,Average product. Packaging could be better.
REV-0773,PROD-0148,Beauty,4,2024-02-12,1,114,83,1,positive,Average product. Packaging could be better.
REV-0774,PROD-0129,Home & Kitchen,5,2023-11-21,1,12,452,1,positive,"Great product, exactly as described. Fast delivery!"
REV-0775,PROD-0120,Books,4,2023-12-24,1,7,767,0,positive,Average product. Packaging could be better.
REV-0776,PROD-0086,Auto,5,2024-07-04,1,66,345,0,positive,Best purchase this year. Highly recommended!
REV-0777,PROD-0118,Grocery,5,2024-04-20,1,80,292,0,negative,Disappointed with quality. Not worth the price.
REV-0778,PROD-0046,Books,5,2024-01-29,1,80,198,1,positive,Excellent! Exceeded expectations. Will buy again.
REV-0779,PROD-0137,Toys,4,2023-07-15,1,56,592,0,positive,Good quality but slightly expensive. Would recommend.
REV-0780,PROD-0133,Books,5,2023-08-14,1,12,259,0,neutral,Good quality but slightly expensive. Would recommend.
REV-0781,PROD-0114,Auto,5,2024-10-23,0,118,411,0,positive,Works perfectly. Customer support was helpful.
REV-0782,PROD-0180,Books,5,2023-06-21,1,31,699,0,positive,Average product. Packaging could be better.
REV-0783,PROD-0188,Home & Kitchen,5,2023-04-02,1,72,695,0,positive,Excellent! Exceeded expectations. Will buy again.
REV-0784,PROD-0074,Beauty,2,2023-06-11,1,108,594,0,positive,Works perfectly. Customer support was helpful.
REV-0785,PROD-0048,Books,4,2024-07-05,1,30,188,0,positive,"Great product, exactly as described. Fast delivery!"
REV-0786,PROD-0104,Auto,5,2023-10-20,1,97,84,1,negative,Good quality but slightly expensive. Would recommend.
REV-0787,PROD-0143,Toys,5,2024-08-29,1,78,747,0,positive,Disappointed with quality. Not worth the price.
REV-0788,PROD-0199,Electronics,5,2023-06-30,1,26,691,1,positive,Average product. Packaging could be better.
REV-0789,PROD-0054,Home & Kitchen,4,2023-12-28,0,30,200,0,positive,Excellent! Exceeded expectations. Will buy again.
REV-0790,PROD-0153,Electronics,5,2023-08-13,1,17,187,0,positive,Disappointed with quality. Not worth the price.
REV-0791,PROD-0051,Books,4,2023-11-11,1,3,298,0,negative,"Great product, exactly as described. Fast delivery!"
REV-0792,PROD-0166,Sports,5,2023-04-16,1,52,298,1,positive,Works perfectly. Customer support was helpful.
REV-0793,PROD-0123,Home & Kitchen,5,2023-10-07,0,41,728,0,positive,Good quality but slightly expensive. Would recommend.
REV-0794,PROD-0121,Toys,5,2023-05-23,1,87,69,0,positive,Excellent! Exceeded expectations. Will buy again.
REV-0795,PROD-0096,Clothing,5,2023-08-19,1,49,40,0,positive,Damaged on arrival. Replacement was sent promptly.
REV-0796,PROD-0184,Auto,5,2024-09-27,1,34,195,0,positive,"Great product, exactly as described. Fast delivery!"
REV-0797,PROD-0194,Toys,5,2024-10-23,1,87,136,0,positive,Disappointed with quality. Not worth the price.
REV-0798,PROD-0143,Clothing,3,2023-12-12,1,73,683,0,negative,Damaged on arrival. Replacement was sent promptly.
REV-0799,PROD-0166,Furniture,1,2023-01-06,1,36,300,0,neutral,Works perfectly. Customer support was helpful.
REV-0800,PROD-0042,Toys,3,2023-04-23,1,6,219,0,negative,Excellent! Exceeded expectations. Will buy again.
